OADB,EADB,EAWB,RH,TC,SHC,kW,airflow,SFP,BF
75,75,75,100,268000,95200,14.1,4000,1983.776536,0
75,75,72,86.8608738,258000,105200,14,4000,1983.776536,0
75,75,67,66.74944445,236000,121944,13.8,4000,1983.776536,0.09
75,75,62,48.63860876,214000,142460,13.7,4000,1983.776536,0.15
75,75,57,32.28326182,195000,160240,13.6,4000,1948.351955,0.14
75,75,75,100,284000,95750,14.3,5000,2448.463687,0
75,75,72,86.8608738,272000,110750,14.2,5000,2408.871508,0
75,75,67,66.74944445,250000,132925,14,5000,2408.871508,0.19
75,75,62,48.63860876,228000,157100,13.8,5000,2408.871508,0.16
75,75,57,32.28326182,208000,178375,13.7,5000,2371.363128,0.17
75,75,75,100,294000,95300,14.5,6000,2958.994413,0
75,75,72,86.8608738,282000,112150,14.3,6000,2958.994413,0.27
75,75,67,66.74944445,260000,141180,14.1,6000,2917.318436,0.18
75,75,62,48.63860876,239000,169850,13.9,6000,2917.318436,0.17
75,75,57,32.28326182,224000,199160,13.8,6000,2917.318436,0.24
75,75,75,100,302000,96850,14.6,7000,3538.290503,0
75,75,72,86.8608738,289000,114635,14.4,7000,3538.290503,0.23
75,75,67,66.74944445,268000,149095,14.1,7000,3492.446927,0.19
75,75,62,48.63860876,246000,181325,13.9,7000,3492.446927,0.17
75,75,57,32.28326182,232000,204560,13.8,7000,3492.446927,0.28
85,85,75,63.56878019,261000,120968,16,4000,1983.776536,0.02
85,85,72,54.09934936,250000,128800,16,4000,1983.776536,0
85,85,67,39.60494643,228000,155220,15.8,4000,1983.776536,0.21
85,85,62,26.55238089,207000,176540,15.7,4000,1948.351955,0.15
85,85,57,14.76500445,188000,194980,15.5,4000,1948.351955,0.13
85,85,75,63.56878019,276000,127250,16.2,5000,2408.871508,0
85,85,72,54.09934936,264000,148450,16.1,5000,2408.871508,0.14
85,85,67,39.60494643,242000,174350,15.9,5000,2408.871508,0.18
85,85,62,26.55238089,221000,199175,15.8,5000,2408.871508,0.15
85,85,57,14.76500445,200000,216625,15.6,5000,2371.363128,0.17
85,85,75,63.56878019,286000,132700,16.4,6000,2958.994413,0
85,85,72,54.09934936,273000,157840,16.2,6000,2917.318436,0.24
85,85,67,39.60494643,252000,190820,16,6000,2917.318436,0.18
85,85,62,26.55238089,230000,220480,15.8,6000,2917.318436,0.16
85,85,57,14.76500445,218000,242180,15.8,6000,2917.318436,0.26
85,85,75,63.56878019,293000,150445,16.5,7000,3538.290503,0.15
85,85,72,54.09934936,280000,170750,16.3,7000,3492.446927,0.22
85,85,67,39.60494643,259000,207290,16.1,7000,3492.446927,0.18
85,85,62,26.55238089,238000,241675,15.9,7000,3492.446927,0.17
85,85,57,14.76500445,226000,252670,15.8,7000,3492.446927,0.3
95,95,75,40.20910644,253000,168000,18.2,4000,1983.776536,0
95,95,72,33.29467909,242000,178000,18.2,4000,1983.776536,0
95,95,67,22.71109727,220000,188120,18,4000,1983.776536,0.18
95,95,62,13.1803221,200000,210760,17.9,4000,1948.351955,0.14
95,95,57,4.573367842,181000,229420,17.9,4000,1948.351955,0.13
95,95,75,40.20910644,267000,188500,18.4,5000,2408.871508,0
95,95,72,33.29467909,254000,194600,18.3,5000,2408.871508,0.12
95,95,67,22.71109727,233000,216475,18.2,5000,2408.871508,0.17
95,95,62,13.1803221,212000,242125,18,5000,2408.871508,0.15
95,95,57,4.573367842,198000,264000,17.9,5000,2371.363128,0.2
95,95,75,40.20910644,277000,208000,18.5,6000,2917.318436,0
95,95,72,33.29467909,264000,207220,18.4,6000,2917.318436,0.22
95,95,67,22.71109727,242000,243170,18.2,6000,2917.318436,0.17
95,95,62,13.1803221,221000,273160,18.1,6000,2917.318436,0.16
95,95,57,4.573367842,207000,281250,18,6000,2873.558659,0.25
95,95,75,40.20910644,283000,215485,18.6,7000,3538.290503,0.13
95,95,72,33.29467909,271000,228245,18.5,7000,3492.446927,0.21
95,95,67,22.71109727,249000,267710,18.3,7000,3492.446927,0.18
95,95,62,13.1803221,228000,301865,18.1,7000,3492.446927,0.17
95,95,57,4.573367842,218000,296540,18,7000,3492.446927,0.32
105,105,75,25.13447896,244000,207000,20.7,4000,1983.776536,0
105,105,72,20.02318878,232000,219000,20.6,4000,1983.776536,0
105,105,67,12.19958243,211000,221300,20.6,4000,1983.776536,0.17
105,105,62,5.154232901,191000,245700,20.7,4000,1948.351955,0.13
105,105,57,-1.208208779,174000,263700,20.8,4000,1948.351955,0.13
105,105,75,25.13447896,257000,238500,20.8,5000,2408.871508,0
105,105,72,20.02318878,244000,221125,20.8,5000,2408.871508,0.25
105,105,67,12.19958243,223000,259500,20.6,5000,2408.871508,0.16
105,105,62,5.154232901,203000,286250,20.6,5000,2371.363128,0.14
105,105,57,-1.208208779,187000,298375,20.8,5000,2371.363128,0.19
105,105,75,25.13447896,266000,271000,20.9,6000,2917.318436,0
105,105,72,20.02318878,253000,258000,20.8,6000,2917.318436,0.2
105,105,67,12.19958243,232000,294600,20.7,6000,2917.318436,0.16
105,105,62,5.154232901,211000,325250,20.6,6000,2917.318436,0.15
105,105,57,-1.208208779,200000,318800,20.7,6000,2873.558659,0.28
105,105,75,25.13447896,272000,250600,21,7000,3492.446927,0.28
105,105,72,20.02318878,260000,288000,20.9,7000,3492.446927,0.2
105,105,67,12.19958243,238000,327775,20.7,7000,3492.446927,0.17
105,105,62,5.154232901,218000,360775,20.6,7000,3492.446927,0.17
105,105,57,-1.208208779,211000,336125,20.6,7000,3492.446927,0.35
115,115,75,15.36478347,234000,247000,23.4,4000,1983.776536,0
115,115,72,11.54235461,222000,259000,23.4,4000,1983.776536,0
115,115,67,5.691546355,201000,256900,23.6,4000,1948.351955,0.15
115,115,62,0.422749936,182000,279980,23.9,4000,1948.351955,0.13
115,115,57,-4.335340464,166000,292900,24.3,4000,1948.351955,0.15
115,115,75,15.36478347,246000,289500,23.5,5000,2408.871508,0
115,115,72,11.54235461,233000,266075,23.4,5000,2408.871508,0.21
115,115,67,5.691546355,212000,302625,23.5,5000,2408.871508,0.15
115,115,62,0.422749936,193000,329550,23.7,5000,2371.363128,0.14
115,115,57,-4.335340464,180000,330150,24,5000,2371.363128,0.22
115,115,75,15.36478347,254000,303970,23.6,6000,2917.318436,0.13
115,115,72,11.54235461,241000,309110,23.5,6000,2917.318436,0.19
115,115,67,5.691546355,220000,346040,23.5,6000,2917.318436,0.16
115,115,62,0.422749936,201000,376350,23.7,6000,2873.558659,0.15
115,115,57,-4.335340464,192000,351390,23.8,6000,2873.558659,0.31
115,115,75,15.36478347,260000,312820,23.7,7000,3492.446927,0.24
115,115,72,11.54235461,247000,347295,23.6,7000,3492.446927,0.19
115,115,67,5.691546355,227000,387685,23.5,7000,3492.446927,0.17
115,115,62,0.422749936,207000,415990,23.7,7000,3444.519553,0.18
115,115,57,-4.335340464,202000,369090,23.7,7000,3444.519553,0.38
120,120,75,11.85222667,228000,267000,24.9,4000,1983.776536,0
120,120,72,8.532960137,216000,257880,25.1,4000,1983.776536,0.12
120,120,67,3.4523183,196000,275360,25.4,4000,1948.351955,0.14
120,120,62,-1.12292436,178000,297880,25.7,4000,1948.351955,0.12
120,120,57,-5.254687375,161000,308600,26.3,4000,1948.351955,0.15
120,120,75,11.85222667,240000,315000,24.9,5000,2408.871508,0
120,120,72,8.532960137,227000,288000,25,5000,2408.871508,0.2
120,120,67,3.4523183,207000,324000,25.2,5000,2371.363128,0.15
120,120,62,-1.12292436,188000,350200,25.5,5000,2371.363128,0.14
120,120,57,-5.254687375,175000,342200,25.8,5000,2371.363128,0.24
120,120,75,11.85222667,247000,288440,25,6000,2917.318436,0.29
120,120,72,8.532960137,235000,336480,25,6000,2917.318436,0.18
120,120,67,3.4523183,215000,371760,25.1,6000,2917.318436,0.16
120,120,62,-1.12292436,195000,402400,25.4,6000,2873.558659,0.15
120,120,57,-5.254687375,188000,367520,25.6,6000,2873.558659,0.32
120,120,75,11.85222667,253000,343160,25.1,7000,3492.446927,0.23
120,120,72,8.532960137,241000,379560,25,7000,3492.446927,0.18
120,120,67,3.4523183,220000,417640,25.1,7000,3492.446927,0.17
120,120,62,-1.12292436,201000,444560,25.3,7000,3444.519553,0.18
120,120,57,-5.254687375,198000,385880,25.4,7000,3444.519553,0.39
75,75,75,100,308000,97280,14.7,8000,4192.603352,0.34
75,75,72,86.8608738,295000,117000,14.5,8000,4192.603352,0.22
75,75,67,66.74944445,274000,155680,14.2,8000,4142.592179,0.19
75,75,62,48.63860876,252000,192680,14,8000,4142.592179,0.19
75,75,57,32.28326182,243000,214280,13.9,8000,4142.592179,0.34
75,75,75,100,313000,94720,14.8,9000,4930.268156,0.28
75,75,72,86.8608738,299000,119750,14.5,9000,4930.268156,0.22
75,75,67,66.74944445,278000,162760,14.3,9000,4876.089385,0.2
75,75,62,48.63860876,257000,203255,14,9000,4876.089385,0.21
75,75,57,32.28326182,251000,221660,14,9000,4876.089385,0.4
75,75,75,100,317000,94700,14.8,10000,5767.955307,0.26
75,75,72,86.8608738,303000,122050,14.6,10000,5767.955307,0.23
75,75,67,66.74944445,282000,168950,14.3,10000,5767.955307,0.21
75,75,62,48.63860876,262000,210150,14.1,10000,5709.608939,0.25
75,75,57,32.28326182,259000,228600,14.1,10000,5709.608939,0.44
85,85,75,63.56878019,298000,153920,16.6,8000,4192.603352,0.29
85,85,72,54.09934936,286000,182440,16.4,8000,4192.603352,0.21
85,85,67,39.60494643,265000,223320,16.1,8000,4142.592179,0.19
85,85,62,26.55238089,243000,259320,16,8000,4142.592179,0.19
85,85,57,14.76500445,236000,263840,15.9,8000,4142.592179,0.36
85,85,75,63.56878019,302000,163270,16.6,9000,4930.268156,0.26
85,85,72,54.09934936,290000,193250,16.4,9000,4930.268156,0.22
85,85,67,39.60494643,269000,238240,16.2,9000,4876.089385,0.2
85,85,62,26.55238089,248000,274250,16,9000,4876.089385,0.22
85,85,57,14.76500445,244000,272845,16,9000,4876.089385,0.41
85,85,75,63.56878019,306000,171850,16.7,10000,5767.955307,0.25
85,85,72,54.09934936,294000,203500,16.5,10000,5767.955307,0.22
85,85,67,39.60494643,273000,252050,16.2,10000,5709.608939,0.21
85,85,62,26.55238089,253000,287850,16.1,10000,5709.608939,0.25
85,85,57,14.76500445,251000,280300,16,10000,5709.608939,0.46
95,95,75,40.20910644,288000,216360,18.7,8000,4192.603352,0.27
95,95,72,33.29467909,276000,249280,18.5,8000,4142.592179,0.21
95,95,67,22.71109727,255000,292240,18.3,8000,4142.592179,0.18
95,95,62,13.1803221,234000,325920,18.2,8000,4142.592179,0.19
95,95,57,4.573367842,228000,309840,18.1,8000,4142.592179,0.38
95,95,75,40.20910644,293000,235375,18.7,9000,4930.268156,0.25
95,95,72,33.29467909,280000,268315,18.6,9000,4876.089385,0.21
95,95,67,22.71109727,259000,315285,18.4,9000,4876.089385,0.19
95,95,62,13.1803221,239000,344345,18.2,9000,4876.089385,0.23
95,95,57,4.573367842,236000,320645,18.2,9000,4876.089385,0.43
95,95,75,40.20910644,296000,254400,18.8,10000,5767.955307,0.24
95,95,72,33.29467909,284000,286700,18.6,10000,5767.955307,0.22
95,95,67,22.71109727,262000,337000,18.4,10000,5709.608939,0.2
95,95,62,13.1803221,245000,357800,18.2,10000,5709.608939,0.28
95,95,57,4.573367842,243000,330450,18.3,10000,5709.608939,0.47
105,105,75,25.13447896,277000,283200,21.1,8000,4142.592179,0.24
105,105,72,20.02318878,265000,317000,20.9,8000,4142.592179,0.2
105,105,67,12.19958243,243000,360400,20.8,8000,4142.592179,0.18
105,105,62,5.154232901,223000,386800,20.6,8000,4142.592179,0.21
105,105,57,-1.208208779,220000,349800,20.6,8000,4142.592179,0.41
105,105,75,25.13447896,281000,311575,21.1,9000,4930.268156,0.23
105,105,72,20.02318878,269000,346000,21,9000,4876.089385,0.2
105,105,67,12.19958243,248000,391475,20.8,9000,4876.089385,0.19
105,105,62,5.154232901,229000,408625,20.6,9000,4876.089385,0.25
105,105,57,-1.208208779,227000,363125,20.6,9000,4876.089385,0.45
105,105,75,25.13447896,284000,336750,21.2,10000,5767.955307,0.23
105,105,72,20.02318878,272000,371250,21,10000,5709.608939,0.21
105,105,67,12.19958243,251000,421000,20.8,10000,5709.608939,0.2
105,105,62,5.154232901,235000,427250,20.7,10000,5709.608939,0.29
105,105,57,-1.208208779,234000,374250,20.7,10000,5709.608939,0.49
115,115,75,15.36478347,264000,353240,23.7,8000,4142.592179,0.22
115,115,72,11.54235461,252000,386480,23.6,8000,4142.592179,0.19
115,115,67,5.691546355,231000,427560,23.5,8000,4142.592179,0.18
115,115,62,0.422749936,213000,446240,23.6,8000,4142.592179,0.22
115,115,57,-4.335340464,211000,386560,23.6,8000,4142.592179,0.43
115,115,75,15.36478347,268000,387270,23.8,9000,4876.089385,0.22
115,115,72,11.54235461,256000,421200,23.7,9000,4876.089385,0.2
115,115,67,5.691546355,235000,466665,23.5,9000,4876.089385,0.19
115,115,62,0.422749936,219000,472410,23.5,9000,4876.089385,0.26
115,115,57,-4.335340464,218000,398180,23.6,9000,4876.089385,0.48
115,115,75,15.36478347,271000,421300,23.8,10000,5709.608939,0.22
115,115,72,11.54235461,258000,454150,23.7,10000,5709.608939,0.21
115,115,67,5.691546355,238000,505000,23.5,10000,5709.608939,0.2
115,115,62,0.422749936,225000,482800,23.5,10000,5709.608939,0.32
115,115,57,-4.335340464,224000,408800,23.5,10000,5709.608939,0.52
120,120,75,11.85222667,257000,384560,25.1,8000,4142.592179,0.22
120,120,72,8.532960137,245000,419120,25.1,8000,4142.592179,0.19
120,120,67,3.4523183,225000,461640,25.1,8000,4142.592179,0.18
120,120,62,-1.12292436,207000,473040,25.2,8000,4092.581006,0.23
120,120,57,-5.254687375,206000,403120,25.3,8000,4092.581006,0.44
120,120,75,11.85222667,261000,423880,25.2,9000,4876.089385,0.22
120,120,72,8.532960137,248000,457800,25.1,9000,4876.089385,0.2
120,120,67,3.4523183,229000,504760,25,9000,4876.089385,0.19
120,120,62,-1.12292436,215000,496160,25.2,9000,4876.089385,0.29
120,120,57,-5.254687375,213000,414960,25.2,9000,4876.089385,0.49
120,120,75,11.85222667,263000,462200,25.3,10000,5709.608939,0.22
120,120,72,8.532960137,251000,495600,25.1,10000,5709.608939,0.21
120,120,67,3.4523183,232000,546000,25,10000,5709.608939,0.2
120,120,62,-1.12292436,219000,518200,25.1,10000,5709.608939,0.32
120,120,57,-5.254687375,219000,425800,25.1,10000,5709.608939,0.53
75,75,75,100,318000,110750,18.7,5000,898.1173184,0
75,75,72,86.8608738,305000,124750,18.4,5000,898.1173184,0
75,75,67,66.74944445,281000,150650,17.9,5000,898.1173184,0.18
75,75,62,48.63860876,260000,177275,17.6,5000,858.5251397,0.13
75,75,57,32.28326182,239000,201725,17.2,5000,858.5251397,0.11
75,75,75,100,335000,111437.5,19,6250,1358.636872,0
75,75,72,86.8608738,320000,123656.25,18.7,6250,1358.636872,0.11
75,75,67,66.74944445,296000,161375,18.2,6250,1358.636872,0.16
75,75,62,48.63860876,274000,194343.75,17.8,6250,1316.960894,0.13
75,75,57,32.28326182,253000,222375,17.4,6250,1316.960894,0.16
75,75,75,100,347000,112125,19.3,7500,1969.189944,0
75,75,72,86.8608738,331000,133125,18.9,7500,1969.189944,0.22
75,75,67,66.74944445,307000,171062.5,18.4,7500,1969.189944,0.17
75,75,62,48.63860876,284000,207237.5,18,7500,1969.189944,0.15
75,75,57,32.28326182,268000,236950,17.7,7500,1925.430168,0.24
75,75,75,100,354000,103481.25,19.4,8750,2829.798883,0.13
75,75,72,86.8608738,339000,137331.25,19.1,8750,2738.111732,0.21
75,75,67,66.74944445,315000,180406.25,18.6,8750,2738.111732,0.17
75,75,62,48.63860876,292000,223925,18.1,8750,2738.111732,0.16
75,75,57,32.28326182,280000,247625,17.9,8750,2692.268156,0.32
85,85,75,63.56878019,308000,141250,20.8,5000,898.1173184,0
85,85,72,54.09934936,295000,156250,20.5,5000,898.1173184,0
85,85,67,39.60494643,274000,192625,20.1,5000,858.5251397,0.17
85,85,62,26.55238089,253000,221000,19.8,5000,858.5251397,0.12
85,85,57,14.76500445,232000,246000,19.5,5000,858.5251397,0.12
85,85,75,63.56878019,324000,148562.5,21.1,6250,1358.636872,0
85,85,72,54.09934936,309000,181687.5,20.8,6250,1358.636872,0.1
85,85,67,39.60494643,287000,214625,20.3,6250,1358.636872,0.16
85,85,62,26.55238089,266000,249656.25,20,6250,1316.960894,0.13
85,85,57,14.76500445,248000,275937.5,19.6,6250,1316.960894,0.18
85,85,75,63.56878019,334000,160875,21.3,7500,1969.189944,0
85,85,72,54.09934936,319000,193287.5,21,7500,1969.189944,0.21
85,85,67,39.60494643,297000,236350,20.5,7500,1969.189944,0.16
85,85,62,26.55238089,275000,276762.5,20.1,7500,1925.430168,0.15
85,85,57,14.76500445,261000,291225,19.9,7500,1925.430168,0.26
85,85,75,63.56878019,341000,183481.25,21.5,8750,2738.111732,0.11
85,85,72,54.09934936,327000,208150,21.2,8750,2738.111732,0.2
85,85,67,39.60494643,305000,255593.75,20.7,8750,2738.111732,0.17
85,85,62,26.55238089,283000,300075,20.3,8750,2738.111732,0.16
85,85,57,14.76500445,273000,304893.75,20.1,8750,2692.268156,0.33
95,95,75,40.20910644,298000,201500,23.1,5000,898.1173184,0
95,95,72,33.29467909,286000,218500,22.8,5000,898.1173184,0
95,95,67,22.71109727,265000,236125,22.5,5000,858.5251397,0.15
95,95,62,13.1803221,244000,265600,22.3,5000,858.5251397,0.12
95,95,57,4.573367842,224000,289600,22,5000,858.5251397,0.12
95,95,75,40.20910644,312000,227125,23.4,6250,1358.636872,0
95,95,72,33.29467909,300000,225375,23.1,6250,1358.636872,0.24
95,95,67,22.71109727,278000,269656.25,22.8,6250,1316.960894,0.15
95,95,62,13.1803221,257000,305718.75,22.5,6250,1316.960894,0.13
95,95,57,4.573367842,241000,323500,22.2,6250,1316.960894,0.2
95,95,75,40.20910644,321000,238662.5,23.6,7500,1969.189944,0.13
95,95,72,33.29467909,309000,256000,23.4,7500,1969.189944,0.2
95,95,67,22.71109727,288000,301950,23,7500,1969.189944,0.16
95,95,62,13.1803221,266000,341187.5,22.6,7500,1925.430168,0.15
95,95,57,4.573367842,254000,343100,22.4,7500,1925.430168,0.28
95,95,75,40.20910644,328000,243837.5,23.8,8750,2738.111732,0.26
95,95,72,33.29467909,316000,282943.75,23.5,8750,2738.111732,0.19
95,95,67,22.71109727,295000,331831.25,23.1,8750,2738.111732,0.17
95,95,62,13.1803221,273000,374831.25,22.7,8750,2692.268156,0.17
95,95,57,4.573367842,265000,358843.75,22.6,8750,2692.268156,0.35
105,105,75,25.13447896,289000,253500,25.7,5000,898.1173184,0
105,105,72,20.02318878,277000,270500,25.6,5000,858.5251397,0
105,105,67,12.19958243,256000,280250,25.3,5000,858.5251397,0.14
105,105,62,5.154232901,235000,310375,25.1,5000,858.5251397,0.11
105,105,57,-1.208208779,214000,329000,24.9,5000,858.5251397,0.12
105,105,75,25.13447896,302000,292875,26,6250,1358.636872,0
105,105,72,20.02318878,290000,279781.25,25.9,6250,1358.636872,0.21
105,105,67,12.19958243,268000,324093.75,25.6,6250,1316.960894,0.15
105,105,62,5.154232901,247000,360531.25,25.3,6250,1316.960894,0.13
105,105,57,-1.208208779,231000,362062.5,25,6250,1316.960894,0.22
105,105,75,25.13447896,311000,311562.5,26.2,7500,1969.189944,0.11
105,105,72,20.02318878,298000,322125,26,7500,1969.189944,0.18
105,105,67,12.19958243,277000,368312.5,25.8,7500,1925.430168,0.15
105,105,62,5.154232901,255000,406312.5,25.5,7500,1925.430168,0.15
105,105,57,-1.208208779,245000,389375,25.3,7500,1925.430168,0.3
105,105,75,25.13447896,318000,316875,26.4,8750,2738.111732,0.24
105,105,72,20.02318878,304000,360312.5,26.2,8750,2738.111732,0.18
105,105,67,12.19958243,283000,407718.75,25.9,8750,2738.111732,0.17
105,105,62,5.154232901,262000,448718.75,25.5,8750,2692.268156,0.17
105,105,57,-1.208208779,257000,408593.75,25.4,8750,2692.268156,0.37
115,115,75,15.36478347,278000,303500,28.7,5000,858.5251397,0
115,115,72,11.54235461,266000,303175,28.6,5000,858.5251397,0.09
115,115,67,5.691546355,245000,324475,28.5,5000,858.5251397,0.13
115,115,62,0.422749936,224000,354325,28.6,5000,858.5251397,0.11
115,115,57,-4.335340464,207000,364700,28.3,5000,821.0167598,0.16
115,115,75,15.36478347,289000,357625,29,6250,1358.636872,0
115,115,72,11.54235461,278000,333906.25,28.9,6250,1316.960894,0.19
115,115,67,5.691546355,256000,379937.5,28.7,6250,1316.960894,0.14
115,115,62,0.422749936,236000,414343.75,28.7,6250,1316.960894,0.13
115,115,57,-4.335340464,223000,405875,28.5,6250,1316.960894,0.24
115,115,75,15.36478347,298000,337675,29.2,7500,1969.189944,0.26
115,115,72,11.54235461,285000,388662.5,29.1,7500,1969.189944,0.17
115,115,67,5.691546355,264000,433437.5,28.9,7500,1925.430168,0.15
115,115,62,0.422749936,243000,470437.5,28.7,7500,1925.430168,0.15
115,115,57,-4.335340464,236000,429462.5,28.5,7500,1925.430168,0.33
115,115,75,15.36478347,305000,392762.5,29.4,8750,2738.111732,0.22
115,115,72,11.54235461,290000,437606.25,29.1,8750,2738.111732,0.17
115,115,67,5.691546355,270000,485975,28.9,8750,2692.268156,0.16
115,115,62,0.422749936,250000,518237.5,28.7,8750,2692.268156,0.18
115,115,57,-4.335340464,247000,449125,28.6,8750,2692.268156,0.4
75,75,75,100,361000,112800,19.6,10000,3771.675978,0.28
75,75,72,86.8608738,346000,140400,19.2,10000,3679.988827,0.2
75,75,67,66.74944445,321000,189300,18.7,10000,3679.988827,0.18
75,75,62,48.63860876,297000,236850,18.2,10000,3679.988827,0.19
75,75,57,32.28326182,291000,257300,18.1,10000,3679.988827,0.38
75,75,75,100,367000,112043.75,19.7,11250,4936.519553,0.25
75,75,72,86.8608738,351000,143568.75,19.3,11250,4936.519553,0.21
75,75,67,66.74944445,326000,198331.25,18.8,11250,4840.664804,0.19
75,75,62,48.63860876,303000,246568.75,18.4,11250,4840.664804,0.21
75,75,57,32.28326182,300000,265181.25,18.3,11250,4840.664804,0.43
75,75,75,100,372000,111937.5,19.8,12500,6286.821229,0.25
75,75,72,86.8608738,355000,147875,19.4,12500,6286.821229,0.22
75,75,67,66.74944445,330000,206500,18.9,12500,6190.96648,0.2
75,75,62,48.63860876,309000,254625,18.5,12500,6190.96648,0.26
75,75,57,32.28326182,307000,271750,18.4,12500,6190.96648,0.48
85,85,75,63.56878019,348000,188850,21.6,10000,3679.988827,0.25
85,85,72,54.09934936,332000,222600,21.3,10000,3679.988827,0.2
85,85,67,39.60494643,310000,274700,20.8,10000,3679.988827,0.18
85,85,62,26.55238089,288000,319150,20.4,10000,3679.988827,0.19
85,85,57,14.76500445,283000,315600,20.3,10000,3679.988827,0.4
85,85,75,63.56878019,353000,199575,21.8,11250,4936.519553,0.24
85,85,72,54.09934936,337000,236431.25,21.4,11250,4840.664804,0.21
85,85,67,39.60494643,315000,293668.75,20.9,11250,4840.664804,0.19
85,85,62,26.55238089,294000,335193.75,20.5,11250,4840.664804,0.23
85,85,57,14.76500445,291000,324581.25,20.4,11250,4840.664804,0.45
85,85,75,63.56878019,357000,210750,21.8,12500,6286.821229,0.24
85,85,72,54.09934936,341000,250812.5,21.5,12500,6190.96648,0.21
85,85,67,39.60494643,318000,311500,21,12500,6190.96648,0.2
85,85,62,26.55238089,299000,346375,20.6,12500,6190.96648,0.26
85,85,57,14.76500445,299000,333562.5,20.6,12500,6190.96648,0.49
95,95,75,40.20910644,335000,269400,23.9,10000,3679.988827,0.24
95,95,72,33.29467909,321000,308650,23.6,10000,3679.988827,0.19
95,95,67,22.71109727,300000,361300,23.2,10000,3679.988827,0.18
95,95,62,13.1803221,278000,403650,22.8,10000,3634.145251,0.19
95,95,57,4.573367842,275000,372350,22.7,10000,3634.145251,0.41
95,95,75,40.20910644,340000,292931.25,24,11250,4840.664804,0.23
95,95,72,33.29467909,325000,334356.25,23.7,11250,4840.664804,0.19
95,95,67,22.71109727,304000,390356.25,23.3,11250,4840.664804,0.19
95,95,62,13.1803221,284000,422075,22.9,11250,4840.664804,0.24
95,95,57,4.573367842,283000,383237.5,22.9,11250,4840.664804,0.46
95,95,75,40.20910644,343000,313812.5,24.1,12500,6190.96648,0.23
95,95,72,33.29467909,330000,354937.5,23.8,12500,6190.96648,0.21
95,95,67,22.71109727,308000,418000,23.4,12500,6190.96648,0.2
95,95,62,13.1803221,290000,436437.5,23,12500,6190.96648,0.29
95,95,57,4.573367842,290000,393125,23,12500,6190.96648,0.5
105,105,75,25.13447896,323000,354500,26.6,10000,3679.988827,0.22
105,105,72,20.02318878,310000,397500,26.3,10000,3679.988827,0.18
105,105,67,12.19958243,288000,447500,26,10000,3679.988827,0.18
105,105,62,5.154232901,268000,474500,25.5,10000,3634.145251,0.22
105,105,57,-1.208208779,266000,422750,25.5,10000,3634.145251,0.43
105,105,75,25.13447896,328000,387312.5,26.7,11250,4840.664804,0.22
105,105,72,20.02318878,314000,427500,26.4,11250,4840.664804,0.2
105,105,67,12.19958243,292000,485593.75,26,11250,4840.664804,0.19
105,105,62,5.154232901,275000,493843.75,25.6,11250,4792.73743,0.27
105,105,57,-1.208208779,274000,434875,25.7,11250,4792.73743,0.48
105,105,75,25.13447896,331000,419125,26.8,12500,6190.96648,0.22
105,105,72,20.02318878,318000,459562.5,26.5,12500,6190.96648,0.21
105,105,67,12.19958243,296000,523000,26.1,12500,6190.96648,0.2
105,105,62,5.154232901,280000,517187.5,25.8,12500,6143.039106,0.31
105,105,57,-1.208208779,280000,445000,25.8,12500,6143.039106,0.52
115,115,75,15.36478347,309000,440150,29.6,10000,3679.988827,0.21
115,115,72,11.54235461,297000,478850,29.4,10000,3679.988827,0.19
115,115,67,5.691546355,275000,532700,29,10000,3634.145251,0.18
115,115,62,0.422749936,256000,550450,28.7,10000,3634.145251,0.23
115,115,57,-4.335340464,255000,462900,28.7,10000,3634.145251,0.46
115,115,75,15.36478347,313000,484168.75,29.7,11250,4840.664804,0.21
115,115,72,11.54235461,300000,521500,29.4,11250,4840.664804,0.2
115,115,67,5.691546355,278000,580831.25,29.1,11250,4792.73743,0.19
115,115,62,0.422749936,263000,564187.5,28.8,11250,4792.73743,0.3
115,115,57,-4.335340464,263000,479562.5,28.8,11250,4792.73743,0.5
115,115,75,15.36478347,317000,527187.5,29.8,12500,6190.96648,0.21
115,115,72,11.54235461,303000,564187.5,29.5,12500,6190.96648,0.21
115,115,67,5.691546355,281000,628000,29.1,12500,6190.96648,0.2
115,115,62,0.422749936,269000,586625,28.9,12500,6143.039106,0.34
115,115,57,-4.335340464,269000,490375,28.9,12500,6143.039106,0.54
75,75,75,100,339000,119025,19,5500,1075.240223,0
75,75,72,86.8608738,324000,135025,18.7,5500,1075.240223,0
75,75,67,66.74944445,297000,160507.5,18.3,5500,1075.240223,0.15
75,75,62,48.63860876,273000,188297.5,17.9,5500,1033.564246,0.11
75,75,57,32.28326182,251000,215297.5,17.6,5500,1033.564246,0.11
75,75,75,100,356000,121281.25,19.4,6875,1723.301676,0
75,75,72,86.8608738,340000,137255,19,6875,1635.782123,0.07
75,75,67,66.74944445,312000,171756.25,18.5,6875,1635.782123,0.14
75,75,62,48.63860876,288000,207000,18.1,6875,1635.782123,0.12
75,75,57,32.28326182,268000,234646.875,17.8,6875,1592.022346,0.19
75,75,75,100,368000,112946.25,19.6,8250,2498.47486,0.11
75,75,72,86.8608738,351000,143576.25,19.3,8250,2498.47486,0.19
75,75,67,66.74944445,323000,183761.25,18.7,8250,2410.955307,0.15
75,75,62,48.63860876,298000,223853.75,18.3,8250,2410.955307,0.13
75,75,57,32.28326182,283000,249752.5,18.1,8250,2410.955307,0.26
75,75,75,100,377000,122740.625,19.8,9625,3479.944134,0.27
75,75,72,86.8608738,359000,146976.25,19.4,9625,3479.944134,0.18
75,75,67,66.74944445,331000,193917.5,18.9,9625,3388.256983,0.16
75,75,62,48.63860876,305000,239388.125,18.5,9625,3388.256983,0.15
75,75,57,32.28326182,296000,261446.25,18.3,9625,3388.256983,0.34
85,85,75,63.56878019,329000,152975,21.1,5500,1075.240223,0
85,85,72,54.09934936,313000,177202,20.8,5500,1075.240223,0.09
85,85,67,39.60494643,289000,208097.5,20.4,5500,1075.240223,0.13
85,85,62,26.55238089,265000,237702.5,20.1,5500,1033.564246,0.11
85,85,57,14.76500445,243000,263702.5,19.8,5500,1033.564246,0.11
85,85,75,63.56878019,344000,164718.75,21.5,6875,1635.782123,0
85,85,72,54.09934936,329000,193596.875,21.2,6875,1635.782123,0.21
85,85,67,39.60494643,303000,233243.75,20.7,6875,1635.782123,0.14
85,85,62,26.55238089,279000,269000,20.4,6875,1592.022346,0.12
85,85,57,14.76500445,262000,291975,20.1,6875,1592.022346,0.2
85,85,75,63.56878019,355000,188303,21.7,8250,2498.47486,0.09
85,85,72,54.09934936,339000,211877.5,21.4,8250,2410.955307,0.18
85,85,67,39.60494643,313000,256692.5,20.9,8250,2410.955307,0.14
85,85,62,26.55238089,289000,300692.5,20.5,8250,2410.955307,0.14
85,85,57,14.76500445,276000,308340,20.3,8250,2367.195531,0.28
85,85,75,63.56878019,364000,195847.5,21.9,9625,3479.944134,0.24
85,85,72,54.09934936,346000,229553.125,21.5,9625,3388.256983,0.17
85,85,67,39.60494643,321000,278611.875,21.1,9625,3388.256983,0.15
85,85,62,26.55238089,295000,323082.5,20.6,9625,3388.256983,0.16
85,85,57,14.76500445,288000,321495,20.5,9625,3388.256983,0.36
95,95,75,40.20910644,319000,220750,23.5,5500,1075.240223,0
95,95,72,33.29467909,305000,231490,23.3,5500,1075.240223,0.08
95,95,67,22.71109727,280000,256952.5,23,5500,1033.564246,0.13
95,95,62,13.1803221,256000,288675,22.7,5500,1033.564246,0.1
95,95,57,4.573367842,235000,308952.5,22.4,5500,1033.564246,0.13
95,95,75,40.20910644,333000,235690.625,23.8,6875,1635.782123,0.13
95,95,72,33.29467909,319000,251884.375,23.6,6875,1635.782123,0.19
95,95,67,22.71109727,293000,294690.625,23.3,6875,1635.782123,0.13
95,95,62,13.1803221,270000,333825,23,6875,1592.022346,0.12
95,95,57,4.573367842,254000,342481.25,22.6,6875,1592.022346,0.22
95,95,75,40.20910644,344000,270235,24.1,8250,2410.955307,0.08
95,95,72,33.29467909,328000,284983.75,23.8,8250,2410.955307,0.17
95,95,67,22.71109727,303000,331067.5,23.4,8250,2410.955307,0.14
95,95,62,13.1803221,278000,372428.75,23.1,8250,2367.195531,0.13
95,95,57,4.573367842,268000,363287.5,22.9,8250,2367.195531,0.3
95,95,75,40.20910644,352000,275285.625,24.3,9625,3479.944134,0.23
95,95,72,33.29467909,335000,313814.375,24,9625,3388.256983,0.17
95,95,67,22.71109727,309000,364990.625,23.6,9625,3388.256983,0.15
95,95,62,13.1803221,285000,406402.5,23.1,9625,3388.256983,0.16
95,95,57,4.573367842,280000,380051.875,23.1,9625,3342.413408,0.37
105,105,75,25.13447896,309000,276250,26.3,5500,1075.240223,0
105,105,72,20.02318878,294000,284662.5,26.1,5500,1075.240223,0.07
105,105,67,12.19958243,269000,306100,25.9,5500,1033.564246,0.12
105,105,62,5.154232901,246000,338125,25.7,5500,1033.564246,0.1
105,105,57,-1.208208779,228000,353050,25.4,5500,1033.564246,0.16
105,105,75,25.13447896,322000,303156.25,26.6,6875,1635.782123,0.1
105,105,72,20.02318878,307000,312921.875,26.4,6875,1635.782123,0.17
105,105,67,12.19958243,282000,356484.375,26.2,6875,1635.782123,0.13
105,105,62,5.154232901,258000,392375,25.9,6875,1592.022346,0.12
105,105,57,-1.208208779,244000,387687.5,25.7,6875,1592.022346,0.24
105,105,75,25.13447896,332000,312156.25,26.9,8250,2410.955307,0.25
105,105,72,20.02318878,316000,358575,26.7,8250,2410.955307,0.16
105,105,67,12.19958243,290000,404112.5,26.3,8250,2410.955307,0.14
105,105,62,5.154232901,266000,443112.5,26,8250,2367.195531,0.14
105,105,57,-1.208208779,258000,410006.25,25.8,8250,2367.195531,0.33
105,105,75,25.13447896,339000,360750,27,9625,3388.256983,0.2
105,105,72,20.02318878,323000,400337.5,26.8,9625,3388.256983,0.16
105,105,67,12.19958243,297000,449984.375,26.4,9625,3388.256983,0.15
105,105,62,5.154232901,274000,481043.75,26,9625,3342.413408,0.18
105,105,57,-1.208208779,270000,428812.5,26,9625,3342.413408,0.4
115,115,75,15.36478347,296000,331750,29.3,5500,1075.240223,0
115,115,72,11.54235461,281000,308400,29.3,5500,1075.240223,0.2
115,115,67,5.691546355,257000,354340,29.4,5500,1033.564246,0.12
115,115,62,0.422749936,235000,386575,29.5,5500,1033.564246,0.1
115,115,57,-4.335340464,220000,389517.5,29.3,5500,1033.564246,0.19
115,115,75,15.36478347,309000,372512.5,29.7,6875,1635.782123,0.08
115,115,72,11.54235461,293000,375984.375,29.6,6875,1635.782123,0.15
115,115,67,5.691546355,269000,418925,29.5,6875,1592.022346,0.12
115,115,62,0.422749936,246000,453925,29.5,6875,1592.022346,0.12
115,115,57,-4.335340464,235000,428221.875,29.4,6875,1592.022346,0.27
115,115,75,15.36478347,317000,387923.75,30,8250,2410.955307,0.21
115,115,72,11.54235461,302000,431981.25,29.8,8250,2410.955307,0.15
115,115,67,5.691546355,277000,479333.75,29.6,8250,2367.195531,0.13
115,115,62,0.422749936,254000,515157.5,29.5,8250,2367.195531,0.14
115,115,57,-4.335340464,249000,455456.25,29.4,8250,2367.195531,0.35
115,115,75,15.36478347,324000,444155.625,30.2,9625,3388.256983,0.19
115,115,72,11.54235461,308000,483272.5,29.9,9625,3388.256983,0.16
115,115,67,5.691546355,282000,533978.125,29.7,9625,3388.256983,0.15
115,115,62,0.422749936,262000,550450,29.4,9625,3342.413408,0.2
115,115,57,-4.335340464,259000,473926.25,29.4,9625,3342.413408,0.42
75,75,75,100,384000,121855,19.9,11000,4678.128492,0.23
75,75,72,86.8608738,365000,151830,19.6,11000,4678.128492,0.18
75,75,67,66.74944445,337000,204225,19,11000,4582.273743,0.17
75,75,62,48.63860876,311000,251830,18.6,11000,4582.273743,0.18
75,75,57,32.28326182,307000,271140,18.5,11000,4582.273743,0.4
75,75,75,100,389000,121406.25,20,12375,6145.122905,0.22
75,75,72,86.8608738,371000,155364.375,19.7,12375,6145.122905,0.19
75,75,67,66.74944445,342000,213683.75,19.1,12375,6049.268156,0.18
75,75,62,48.63860876,319000,257767.5,18.7,12375,6049.268156,0.24
75,75,57,32.28326182,316000,279060.625,18.7,12375,6049.268156,0.45
75,75,75,100,394000,122562.5,20.1,13750,7853.837989,0.22
75,75,72,86.8608738,375000,159050,19.8,13750,7853.837989,0.2
75,75,67,66.74944445,346000,223293.75,19.2,13750,7757.98324,0.19
75,75,62,48.63860876,324000,269343.75,18.8,13750,7757.98324,0.27
75,75,57,32.28326182,324000,285981.25,18.8,13750,7757.98324,0.49
85,85,75,63.56878019,370000,209750,22,11000,4678.128492,0.22
85,85,72,54.09934936,353000,245170,21.7,11000,4678.128492,0.18
85,85,67,39.60494643,326000,299775,21.2,11000,4582.273743,0.17
85,85,62,26.55238089,302000,342565,20.8,11000,4582.273743,0.19
85,85,57,14.76500445,299000,334255,20.7,11000,4582.273743,0.41
85,85,75,63.56878019,375000,223274.375,22.1,12375,6145.122905,0.21
85,85,72,54.09934936,358000,260635.625,21.8,12375,6145.122905,0.19
85,85,67,39.60494643,331000,320316.25,21.3,12375,6049.268156,0.18
85,85,62,26.55238089,309000,350871.25,20.9,12375,6049.268156,0.26
85,85,57,14.76500445,307000,343258.75,20.8,12375,6049.268156,0.46
85,85,75,63.56878019,380000,235193.75,22.2,13750,7853.837989,0.21
85,85,72,54.09934936,362000,274950,21.9,13750,7853.837989,0.2
85,85,67,39.60494643,334000,339706.25,21.3,13750,7757.98324,0.19
85,85,62,26.55238089,315000,368143.75,21,13750,7757.98324,0.29
85,85,57,14.76500445,315000,351506.25,21,13750,7757.98324,0.51
95,95,75,40.20910644,358000,303385,24.4,11000,4678.128492,0.21
95,95,72,33.29467909,342000,340830,24.1,11000,4582.273743,0.18
95,95,67,22.71109727,315000,397460,23.7,11000,4582.273743,0.16
95,95,62,13.1803221,292000,425570,23.3,11000,4582.273743,0.22
95,95,57,4.573367842,290000,393455,23.2,11000,4582.273743,0.43
95,95,75,40.20910644,363000,329350,24.5,12375,6145.122905,0.2
95,95,72,33.29467909,346000,367391.875,24.2,12375,6049.268156,0.19
95,95,67,22.71109727,319000,427433.75,23.8,12375,6049.268156,0.18
95,95,62,13.1803221,299000,444056.875,23.4,12375,6049.268156,0.27
95,95,57,4.573367842,298000,404177.5,23.4,12375,6049.268156,0.48
95,95,75,40.20910644,368000,352231.25,24.7,13750,7853.837989,0.21
95,95,72,33.29467909,350000,394768.75,24.3,13750,7757.98324,0.19
95,95,67,22.71109727,322000,458768.75,23.8,13750,7757.98324,0.19
95,95,62,13.1803221,306000,462543.75,23.5,13750,7757.98324,0.31
95,95,57,4.573367842,305000,413900,23.5,13750,7757.98324,0.52
105,105,75,25.13447896,345000,397000,27.2,11000,4582.273743,0.2
105,105,72,20.02318878,328000,439075,26.9,11000,4582.273743,0.17
105,105,67,12.19958243,301000,494100,26.5,11000,4582.273743,0.16
105,105,62,5.154232901,281000,504900,26.1,11000,4582.273743,0.24
105,105,57,-1.208208779,280000,446375,26.1,11000,4534.346369,0.45
105,105,75,25.13447896,350000,434250,27.4,12375,6049.268156,0.2
105,105,72,20.02318878,332000,476056.25,27.1,12375,6049.268156,0.18
105,105,67,12.19958243,305000,534056.25,26.6,12375,6049.268156,0.18
105,105,62,5.154232901,288000,530025,26.2,12375,6049.268156,0.28
105,105,57,-1.208208779,288000,458156.25,26.3,12375,6049.268156,0.5
105,105,75,25.13447896,353000,470500,27.5,13750,7853.837989,0.2
105,105,72,20.02318878,336000,508500,27.1,13750,7757.98324,0.2
105,105,67,12.19958243,308000,575281.25,26.6,13750,7757.98324,0.19
105,105,62,5.154232901,295000,540781.25,26.4,13750,7757.98324,0.35
105,105,57,-1.208208779,295000,468937.5,26.4,13750,7757.98324,0.54
115,115,75,15.36478347,329000,494035,30.4,11000,4582.273743,0.19
115,115,72,11.54235461,312000,538740,30,11000,4582.273743,0.16
115,115,67,5.691546355,287000,590740,29.7,11000,4582.273743,0.16
115,115,62,0.422749936,268000,594095,29.5,11000,4534.346369,0.23
115,115,57,-4.335340464,268000,492455,29.5,11000,4534.346369,0.47
115,115,75,15.36478347,333000,542914.375,30.6,12375,6049.268156,0.19
115,115,72,11.54235461,316000,582678.75,30.2,12375,6049.268156,0.18
115,115,67,5.691546355,290000,645443.125,29.7,12375,6049.268156,0.17
115,115,62,0.422749936,276000,604741.875,29.5,12375,6001.340782,0.31
115,115,57,-4.335340464,276000,504690,29.5,12375,6001.340782,0.52
115,115,75,15.36478347,336000,591793.75,30.7,13750,7757.98324,0.19
115,115,72,11.54235461,320000,629793.75,30.3,13750,7757.98324,0.19
115,115,67,5.691546355,293000,691793.75,29.8,13750,7757.98324,0.19
115,115,62,0.422749936,283000,616506.25,29.6,13750,7757.98324,0.37
115,115,57,-4.335340464,282000,514925,29.6,13750,7757.98324,0.56
75,75,75,100,370000,130300,20.2,6000,1333.631285,0
75,75,72,86.8608738,354000,148300,19.9,6000,1333.631285,0
75,75,67,66.74944445,325000,174200,19.5,6000,1250.27933,0.12
75,75,62,48.63860876,298000,204540,19.2,6000,1250.27933,0.1
75,75,57,32.28326182,272000,233540,18.8,6000,1208.603352,0.1
75,75,75,100,389000,131125,20.6,7500,2056.709497,0
75,75,72,86.8608738,371000,150887.5,20.3,7500,2056.709497,0.19
75,75,67,66.74944445,342000,188000,19.8,7500,1969.189944,0.12
75,75,62,48.63860876,314000,225587.5,19.4,7500,1969.189944,0.11
75,75,57,32.28326182,293000,254300,18.9,7500,1969.189944,0.2
75,75,75,100,401000,124295,20.9,9000,3090.273743,0.13
75,75,72,86.8608738,384000,154780,20.6,9000,2996.502793,0.16
75,75,67,66.74944445,354000,200295,20.1,9000,2996.502793,0.13
75,75,62,48.63860876,325000,244800,19.6,9000,2904.815642,0.12
75,75,57,32.28326182,309000,272730,19.3,9000,2904.815642,0.26
75,75,75,100,411000,131375,21.1,10500,4319.715084,0.22
75,75,72,86.8608738,392000,159910,20.7,10500,4221.776536,0.16
75,75,67,66.74944445,362000,211755,20.2,10500,4221.776536,0.14
75,75,62,48.63860876,334000,261755,19.8,10500,4130.089385,0.14
75,75,57,32.28326182,323000,285305,19.5,10500,4130.089385,0.34
85,85,75,63.56878019,362000,167700,22.8,6000,1333.631285,0
85,85,72,54.09934936,345000,186700,22.5,6000,1250.27933,0
85,85,67,39.60494643,316000,227800,22.1,6000,1250.27933,0.12
85,85,62,26.55238089,288000,258584,21.8,6000,1250.27933,0.09
85,85,57,14.76500445,263000,286460,21.4,6000,1208.603352,0.1
85,85,75,63.56878019,379000,179875,23.2,7500,2056.709497,0
85,85,72,54.09934936,361000,213937.5,22.9,7500,2056.709497,0.17
85,85,67,39.60494643,332000,255000,22.5,7500,1969.189944,0.12
85,85,62,26.55238089,303000,293412.5,22.1,7500,1969.189944,0.11
85,85,57,14.76500445,276000,311587.5,21.6,7500,1925.430168,0.13
85,85,75,63.56878019,391000,200270,23.5,9000,2996.502793,0.26
85,85,72,54.09934936,373000,234220,23.2,9000,2996.502793,0.16
85,85,67,39.60494643,343000,280705,22.7,9000,2904.815642,0.13
85,85,62,26.55238089,314000,325200,22.3,9000,2904.815642,0.12
85,85,57,14.76500445,300000,335280,22,9000,2904.815642,0.28
85,85,75,63.56878019,400000,217202.5,23.7,10500,4221.776536,0.21
85,85,72,54.09934936,381000,252090,23.4,10500,4221.776536,0.16
85,85,67,39.60494643,351000,305245,22.9,10500,4221.776536,0.14
85,85,62,26.55238089,322000,354245,22.4,10500,4130.089385,0.14
85,85,57,14.76500445,315000,352117.5,22.2,10500,4130.089385,0.35
95,95,75,40.20910644,351000,242000,25.7,6000,1333.631285,0
95,95,72,33.29467909,334000,251100,25.5,6000,1250.27933,0.1
95,95,67,22.71109727,305000,282110,25.1,6000,1250.27933,0.11
95,95,62,13.1803221,278000,315090,25.1,6000,1208.603352,0.09
95,95,57,4.573367842,255000,337120,24.7,6000,1208.603352,0.12
95,95,75,40.20910644,367000,274750,26.1,7500,2056.709497,0
95,95,72,33.29467909,349000,279950,25.9,7500,1969.189944,0.16
95,95,67,22.71109727,320000,322900,25.5,7500,1969.189944,0.12
95,95,62,13.1803221,292000,363375,25.3,7500,1969.189944,0.1
95,95,57,4.573367842,274000,371762.5,25,7500,1925.430168,0.21
95,95,75,40.20910644,379000,274345,26.4,9000,2996.502793,0.23
95,95,72,33.29467909,360000,314225,26.2,9000,2996.502793,0.15
95,95,67,22.71109727,330000,362195,25.8,9000,2904.815642,0.13
95,95,62,13.1803221,302000,407680,25.4,9000,2904.815642,0.12
95,95,57,4.573367842,291000,394950,25.1,9000,2904.815642,0.3
95,95,75,40.20910644,387000,308332.5,26.7,10500,4221.776536,0.19
95,95,72,33.29467909,368000,347262.5,26.3,10500,4221.776536,0.15
95,95,67,22.71109727,338000,399995,25.9,10500,4130.089385,0.14
95,95,62,13.1803221,310000,445262.5,25.4,10500,4130.089385,0.15
95,95,57,4.573367842,305000,414147.5,25.3,10500,4130.089385,0.37
105,105,75,25.13447896,339000,303000,29,6000,1250.27933,0
105,105,72,20.02318878,322000,289000,28.9,6000,1250.27933,0.2
105,105,67,12.19958243,293000,335850,29,6000,1250.27933,0.11
105,105,62,5.154232901,267000,369150,29.3,6000,1208.603352,0.09
105,105,57,-1.208208779,247000,382250,28.7,6000,1208.603352,0.15
105,105,75,25.13447896,353000,326437.5,29.3,7500,2056.709497,0.13
105,105,72,20.02318878,336000,346312.5,29.3,7500,1969.189944,0.15
105,105,67,12.19958243,307000,392562.5,29.3,7500,1969.189944,0.11
105,105,62,5.154232901,280000,431625,29.4,7500,1925.430168,0.1
105,105,57,-1.208208779,265000,421750,29.1,7500,1925.430168,0.24
105,105,75,25.13447896,364000,353000,29.8,9000,2996.502793,0.2
105,105,72,20.02318878,346000,395850,29.5,9000,2904.815642,0.14
105,105,67,12.19958243,317000,445800,29.4,9000,2904.815642,0.12
105,105,62,5.154232901,290000,488800,29.3,9000,2904.815642,0.12
105,105,57,-1.208208779,281000,446825,29,9000,2904.815642,0.33
105,105,75,25.13447896,372000,399775,30.1,10500,4221.776536,0.18
105,105,72,20.02318878,353000,443325,29.6,10500,4221.776536,0.14
105,105,67,12.19958243,324000,494325,29.5,10500,4130.089385,0.14
105,105,62,5.154232901,297000,533550,29.2,10500,4130.089385,0.16
105,105,57,-1.208208779,294000,467250,29.1,10500,4130.089385,0.4
115,115,75,15.36478347,326000,363000,32.8,6000,1250.27933,0
115,115,72,11.54235461,309000,347040,33.1,6000,1250.27933,0.16
115,115,67,5.691546355,281000,391900,33.8,6000,1250.27933,0.1
115,115,62,0.422749936,256000,426520,34.3,6000,1208.603352,0.08
115,115,57,-4.335340464,237000,429040,34.3,6000,1208.603352,0.16
115,115,75,15.36478347,339000,361450,33.3,7500,1969.189944,0.24
115,115,72,11.54235461,322000,417212.5,33.4,7500,1969.189944,0.13
115,115,67,5.691546355,294000,460987.5,33.8,7500,1969.189944,0.11
115,115,62,0.422749936,268000,500875,34.2,7500,1925.430168,0.1
115,115,57,-4.335340464,256000,469675,34,7500,1925.430168,0.26
115,115,75,15.36478347,349000,434130,33.8,9000,2904.815642,0.18
115,115,72,11.54235461,331000,479455,33.5,9000,2904.815642,0.13
115,115,67,5.691546355,303000,526920,33.8,9000,2904.815642,0.12
115,115,62,0.422749936,277000,565455,34,9000,2858.972067,0.13
115,115,57,-4.335340464,271000,496225,33.8,9000,2858.972067,0.35
115,115,75,15.36478347,356000,493527.5,34.1,10500,4221.776536,0.17
115,115,72,11.54235461,338000,537655,34,10500,4130.089385,0.14
115,115,67,5.691546355,309000,591697.5,33.8,10500,4130.089385,0.13
115,115,62,0.422749936,286000,607442.5,33.5,10500,4130.089385,0.19
115,115,57,-4.335340464,283000,517465,33.7,10500,4130.089385,0.42
75,75,75,100,419000,130680,21.3,12000,5803.379888,0.2
75,75,72,86.8608738,399000,164040,20.9,12000,5703.357542,0.16
75,75,67,66.74944445,369000,222380,20.4,12000,5703.357542,0.15
75,75,62,48.63860876,340000,275700,19.9,12000,5607.502793,0.17
75,75,57,32.28326182,336000,296880,19.7,12000,5607.502793,0.4
75,75,75,100,426000,132140,21.4,13500,7628.787709,0.2
75,75,72,86.8608738,406000,168655,21,13500,7628.787709,0.18
75,75,67,66.74944445,374000,232170,20.5,13500,7528.765363,0.16
75,75,62,48.63860876,347000,285625,19.9,13500,7432.910615,0.22
75,75,57,32.28326182,346000,305702.5,19.9,13500,7432.910615,0.45
75,75,75,100,430000,132600,21.5,15000,9739.675978,0.2
75,75,72,86.8608738,411000,172950,21.1,15000,9739.675978,0.18
75,75,67,66.74944445,379000,242125,20.6,15000,9635.486034,0.17
75,75,62,48.63860876,356000,292200,20.1,15000,9635.486034,0.28
75,75,57,32.28326182,354000,312525,20.1,15000,9635.486034,0.49
85,85,75,63.56878019,408000,232980,23.9,12000,5803.379888,0.19
85,85,72,54.09934936,388000,269960,23.5,12000,5703.357542,0.16
85,85,67,39.60494643,357000,328620,23,12000,5703.357542,0.15
85,85,62,26.55238089,329000,374980,22.5,12000,5607.502793,0.19
85,85,57,14.76500445,326000,364460,22.4,12000,5607.502793,0.41
85,85,75,63.56878019,414000,246602.5,24,13500,7628.787709,0.19
85,85,72,54.09934936,394000,287087.5,23.7,13500,7528.765363,0.17
85,85,67,39.60494643,362000,351830,23.1,13500,7528.765363,0.16
85,85,62,26.55238089,338000,385405,22.6,13500,7432.910615,0.26
85,85,57,14.76500445,336000,375555,22.6,13500,7432.910615,0.46
85,85,75,63.56878019,418000,260225,24.1,15000,9739.675978,0.19
85,85,72,54.09934936,398000,303050,23.8,15000,9635.486034,0.18
85,85,67,39.60494643,366000,372875,23.2,15000,9635.486034,0.17
85,85,62,26.55238089,344000,395800,22.7,15000,9535.463687,0.28
85,85,57,14.76500445,345000,385650,22.8,15000,9535.463687,0.5
95,95,75,40.20910644,394000,337360,26.9,12000,5703.357542,0.18
95,95,72,33.29467909,375000,377320,26.6,12000,5703.357542,0.16
95,95,67,22.71109727,344000,436300,26,12000,5607.502793,0.15
95,95,62,13.1803221,318000,468420,25.4,12000,5607.502793,0.21
95,95,57,4.573367842,316000,428860,25.5,12000,5607.502793,0.43
95,95,75,40.20910644,399000,364655,27,13500,7528.765363,0.18
95,95,72,33.29467909,380000,405882.5,26.7,13500,7528.765363,0.17
95,95,67,22.71109727,348000,471110,26.1,13500,7432.910615,0.16
95,95,62,13.1803221,328000,480380,25.6,13500,7432.910615,0.28
95,95,57,4.573367842,326000,441830,25.6,13500,7432.910615,0.48
95,95,75,40.20910644,403000,389475,27.2,15000,9739.675978,0.19
95,95,72,33.29467909,384000,433950,26.8,15000,9635.486034,0.18
95,95,67,22.71109727,352000,505425,26.2,15000,9635.486034,0.17
95,95,62,13.1803221,334000,504775,25.8,15000,9535.463687,0.31
95,95,57,4.573367842,334000,452800,25.8,15000,9535.463687,0.52
105,105,75,25.13447896,378000,443900,30.3,12000,5703.357542,0.17
105,105,72,20.02318878,359000,482200,30,12000,5703.357542,0.16
105,105,67,12.19958243,329000,542500,29.6,12000,5607.502793,0.15
105,105,62,5.154232901,307000,551800,29,12000,5607.502793,0.24
105,105,57,-1.208208779,305000,486500,29.2,12000,5607.502793,0.45
105,105,75,25.13447896,383000,481425,30.5,13500,7528.765363,0.18
105,105,72,20.02318878,364000,523137.5,30.1,13500,7528.765363,0.17
105,105,67,12.19958243,334000,589850,29.6,13500,7432.910615,0.16
105,105,62,5.154232901,314000,581300,29.3,13500,7432.910615,0.28
105,105,57,-1.208208779,314000,499625,29.3,13500,7432.910615,0.5
105,105,75,25.13447896,387000,522250,30.7,15000,9635.486034,0.18
105,105,72,20.02318878,367000,563250,30.2,15000,9635.486034,0.18
105,105,67,12.19958243,337000,636375,29.7,15000,9535.463687,0.17
105,105,62,5.154232901,322000,594250,29.4,15000,9535.463687,0.34
105,105,57,-1.208208779,322000,511750,29.3,15000,9535.463687,0.54
115,115,75,15.36478347,361000,548460,34.4,12000,5703.357542,0.17
115,115,72,11.54235461,343000,588080,34.2,12000,5607.502793,0.16
115,115,67,5.691546355,314000,649700,33.9,12000,5607.502793,0.15
115,115,62,0.422749936,295000,631880,33.4,12000,5607.502793,0.26
115,115,57,-4.335340464,293000,537860,33.6,12000,5607.502793,0.47
115,115,75,15.36478347,366000,603392.5,34.7,13500,7528.765363,0.17
115,115,72,11.54235461,347000,641392.5,34.3,13500,7432.910615,0.17
115,115,67,5.691546355,318000,708590,33.9,13500,7432.910615,0.16
115,115,62,0.422749936,302000,660627.5,33.6,13500,7432.910615,0.31
115,115,57,-4.335340464,302000,551480,33.6,13500,7432.910615,0.52
115,115,75,15.36478347,369000,652550,34.9,15000,9635.486034,0.18
115,115,72,11.54235461,351000,693550,34.4,15000,9635.486034,0.18
115,115,67,5.691546355,321000,761550,33.9,15000,9535.463687,0.18
115,115,62,0.422749936,310000,679600,33.7,15000,9535.463687,0.36
115,115,57,-4.335340464,309000,563100,33.7,15000,9535.463687,0.56
75,75,75,100,442000,154850,24.8,7000,2110.888268,0
75,75,72,86.8608738,423000,181850,24.3,7000,2110.888268,0
75,75,67,66.74944445,394000,225850,23.6,7000,2006.698324,0
75,75,62,48.63860876,366000,265828,23.2,7000,2006.698324,0.01
75,75,57,32.28326182,338000,302806,23.1,7000,1902.50838,0.02
75,75,75,100,459000,158812.5,25.3,8750,3200.715084,0
75,75,72,86.8608738,440000,191812.5,24.7,8750,3200.715084,0
75,75,67,66.74944445,410000,243535,24,8750,3200.715084,0.01
75,75,62,48.63860876,383000,295535,23.4,8750,3081.938547,0.01
75,75,57,32.28326182,363000,320037.5,23.2,8750,3081.938547,0.1
75,75,75,100,471000,161242,25.6,10500,4592.692737,0.01
75,75,72,86.8608738,452000,199242,25.1,10500,4592.692737,0.01
75,75,67,66.74944445,421000,261242,24.3,10500,4592.692737,0.01
75,75,62,48.63860876,395000,319709,23.6,10500,4461.413408,0.02
75,75,57,32.28326182,383000,337797.5,23.4,10500,4461.413408,0.21
75,75,75,100,479000,163949,25.8,12250,6361.837989,0.01
75,75,72,86.8608738,460000,206160.5,25.3,12250,6361.837989,0.02
75,75,67,66.74944445,430000,277160.5,24.5,12250,6361.837989,0.02
75,75,62,48.63860876,403000,339583.5,23.8,12250,6361.837989,0.04
75,75,57,32.28326182,399000,351653.75,23.7,12250,6220.139665,0.29
85,85,75,63.56878019,428000,198150,27.8,7000,2110.888268,0
85,85,72,54.09934936,412000,225150,27.3,7000,2110.888268,0
85,85,67,39.60494643,384000,270172,26.9,7000,2006.698324,0.01
85,85,62,26.55238089,354000,310172,26.7,7000,2006.698324,0.01
85,85,57,14.76500445,326000,348194,27,7000,1902.50838,0.02
85,85,75,63.56878019,444000,214187.5,28.2,8750,3200.715084,0
85,85,72,54.09934936,426000,247187.5,27.7,8750,3200.715084,0
85,85,67,39.60494643,399000,301465,27.1,8750,3081.938547,0.01
85,85,62,26.55238089,372000,352465,26.8,8750,3081.938547,0.01
85,85,57,14.76500445,352000,393518.75,26.7,8750,3081.938547,0.13
85,85,75,63.56878019,455000,230758,28.5,10500,4592.692737,0.01
85,85,72,54.09934936,437000,268758,28,10500,4592.692737,0.01
85,85,67,39.60494643,410000,331758,27.3,10500,4592.692737,0.01
85,85,62,26.55238089,384000,394824,26.9,10500,4461.413408,0.03
85,85,57,14.76500445,374000,418047.5,26.8,10500,4461.413408,0.23
85,85,75,63.56878019,463000,248839.5,28.8,12250,6361.837989,0.02
85,85,72,54.09934936,444000,291839.5,28.2,12250,6361.837989,0.02
85,85,67,39.60494643,417000,363839.5,27.5,12250,6361.837989,0.02
85,85,62,26.55238089,393000,435205,27,12250,6220.139665,0.05
85,85,57,14.76500445,389000,434998.75,26.9,12250,6220.139665,0.31
95,95,75,40.20910644,417000,285500,31.3,7000,2110.888268,0
95,95,72,33.29467909,400000,312500,31.1,7000,2006.698324,0
95,95,67,22.71109727,371000,353345,30.8,7000,2006.698324,0.01
95,95,62,13.1803221,341000,393345,31.3,7000,1902.50838,0.01
95,95,57,4.573367842,312000,424035,32.9,7000,1902.50838,0.03
95,95,75,40.20910644,432000,323375,31.6,8750,3200.715084,0
95,95,72,33.29467909,415000,356375,31.2,8750,3200.715084,0
95,95,67,22.71109727,387000,407931.25,30.9,8750,3081.938547,0.01
95,95,62,13.1803221,358000,456931.25,30.8,8750,3081.938547,0.01
95,95,57,4.573367842,341000,462275,31.2,8750,2961.078212,0.16
95,95,75,40.20910644,441000,359517.5,31.9,10500,4592.692737,0.01
95,95,72,33.29467909,424000,398517.5,31.4,10500,4592.692737,0.01
95,95,67,22.71109727,397000,458785,31,10500,4461.413408,0.02
95,95,62,13.1803221,370000,516052.5,30.8,10500,4461.413408,0.03
95,95,57,4.573367842,362000,491937.5,30.7,10500,4461.413408,0.25
95,95,75,40.20910644,447000,395082.5,32.1,12250,6361.837989,0.02
95,95,72,33.29467909,431000,439082.5,31.6,12250,6361.837989,0.02
95,95,67,22.71109727,405000,511082.5,31,12250,6361.837989,0.02
95,95,62,13.1803221,380000,568018.75,30.8,12250,6220.139665,0.05
95,95,57,4.573367842,378000,513423.75,30.8,12250,6220.139665,0.33
105,105,75,25.13447896,403000,357500,35.5,7000,2110.888268,0
105,105,72,20.02318878,385000,383500,35.4,7000,2006.698324,0
105,105,67,12.19958243,356000,422575,36,7000,2006.698324,0.01
105,105,62,5.154232901,325000,461575,37.7,7000,1902.50838,0.01
105,105,57,-1.208208779,308000,477400,39.3,7000,1902.50838,0.12
105,105,75,25.13447896,417000,414625,35.7,8750,3200.715084,0
105,105,72,20.02318878,400000,445218.75,35.5,8750,3081.938547,0.01
105,105,67,12.19958243,372000,496218.75,35.5,8750,3081.938547,0.01
105,105,62,5.154232901,343000,542812.5,36.5,8750,2961.078212,0.02
105,105,57,-1.208208779,328000,522906.25,37.4,8750,2961.078212,0.19
105,105,75,25.13447896,427000,469862.5,35.9,10500,4592.692737,0.01
105,105,72,20.02318878,410000,507862.5,35.5,10500,4592.692737,0.01
105,105,67,12.19958243,381000,565975,35.3,10500,4461.413408,0.02
105,105,62,5.154232901,355000,620087.5,35.8,10500,4461.413408,0.03
105,105,57,-1.208208779,349000,556900,36.1,10500,4332.217877,0.28
105,105,75,25.13447896,433000,523137.5,36,12250,6361.837989,0.02
105,105,72,20.02318878,417000,566137.5,35.6,12250,6361.837989,0.02
105,105,67,12.19958243,389000,637137.5,35.3,12250,6220.139665,0.02
105,105,62,5.154232901,365000,678293.75,35.5,12250,6220.139665,0.07
105,105,57,-1.208208779,365000,583968.75,35.5,12250,6220.139665,0.35
115,115,75,15.36478347,380000,425500,39.4,7000,2006.698324,0
115,115,72,11.54235461,364000,451500,39.7,7000,2006.698324,0
115,115,67,5.691546355,337000,490805,40.9,7000,1902.50838,0.01
115,115,75,15.36478347,391000,501875,39.5,8750,3081.938547,0
115,115,72,11.54235461,376000,531506.25,39.5,8750,3081.938547,0.01
115,115,67,5.691546355,351000,583506.25,40.1,8750,3081.938547,0.01
115,115,75,15.36478347,398000,574207.5,39.5,10500,4461.413408,0.01
115,115,72,11.54235461,384000,613207.5,39.4,10500,4461.413408,0.01
115,115,67,5.691546355,360000,670165,39.8,10500,4461.413408,0.02
115,115,62,0.422749936,335000,718080,40.9,10500,4332.217877,0.04
115,115,57,-4.335340464,332000,610932.5,41.1,10500,4332.217877,0.31
115,115,75,15.36478347,403000,649908.75,39.6,12250,6361.837989,0.01
115,115,72,11.54235461,389000,689192.5,39.4,12250,6220.139665,0.02
115,115,67,5.691546355,366000,760192.5,39.6,12250,6220.139665,0.02
115,115,62,0.422749936,347000,762030,40.2,12250,6074.273743,0.12
115,115,57,-4.335340464,347000,634691.25,40.2,12250,6074.273743,0.39
75,75,75,100,485000,164612,26,14000,8485.22905,0.02
75,75,72,86.8608738,466000,213612,25.5,14000,8485.22905,0.02
75,75,67,66.74944445,436000,292568,24.7,14000,8485.22905,0.03
75,75,62,48.63860876,412000,344304,24,14000,8485.22905,0.09
75,75,57,32.28326182,411000,362280,24,14000,8485.22905,0.36
75,75,75,100,490000,164764,26.1,15750,11035.79888,0.03
75,75,72,86.8608738,471000,219764,25.6,15750,11035.79888,0.03
75,75,67,66.74944445,442000,305464.5,24.8,15750,11035.79888,0.04
75,75,62,48.63860876,422000,350731.25,24.3,15750,11035.79888,0.17
75,75,57,32.28326182,422000,372387.5,24.3,15750,11035.79888,0.42
75,75,72,86.8608738,475000,224405,25.7,17500,13990.6257,0.04
75,75,67,66.74944445,446000,317850,24.9,17500,13990.6257,0.05
75,75,62,48.63860876,432000,358587.5,24.5,17500,13990.6257,0.23
75,75,57,32.28326182,432000,380725,24.5,17500,13990.6257,0.46
85,85,75,63.56878019,469000,264388,29,14000,8485.22905,0.02
85,85,72,54.09934936,451000,313388,28.4,14000,8485.22905,0.02
85,85,67,39.60494643,422000,395432,27.6,14000,8485.22905,0.03
85,85,62,26.55238089,402000,469970,27.1,14000,8485.22905,0.11
85,85,57,14.76500445,401000,448180,27.1,14000,8485.22905,0.38
85,85,72,54.09934936,455000,336236,28.6,15750,11035.79888,0.03
85,85,67,39.60494643,426000,426535.5,27.7,15750,11035.79888,0.04
85,85,62,26.55238089,411000,480536.25,27.3,15750,11035.79888,0.19
85,85,57,14.76500445,411000,459746.25,27.3,15750,11035.79888,0.43
85,85,72,54.09934936,459000,360595,28.7,17500,13990.6257,0.04
85,85,67,39.60494643,431000,457150,27.8,17500,13990.6257,0.05
85,85,62,26.55238089,419000,489525,27.5,17500,13990.6257,0.26
85,85,57,14.76500445,419000,468350,27.5,17500,13990.6257,0.48
95,95,72,33.29467909,436000,482380,31.7,14000,8485.22905,0.02
95,95,67,22.71109727,410000,560070,31.1,14000,8485.22905,0.03
95,95,62,13.1803221,391000,591970,30.9,14000,8331.027933,0.13
95,95,57,4.573367842,390000,530910,30.9,14000,8331.027933,0.39
95,95,72,33.29467909,439000,522078.75,31.8,15750,11035.79888,0.03
95,95,67,22.71109727,414000,607480,31.2,15750,11035.79888,0.04
95,95,62,13.1803221,401000,606301.25,31,15750,11035.79888,0.21
95,95,57,4.573367842,400000,542931.25,31,15750,10869.09497,0.45
95,95,72,33.29467909,443000,561200,31.9,17500,13990.6257,0.04
95,95,67,22.71109727,418000,650425,31.3,17500,13990.6257,0.06
95,95,62,13.1803221,409000,619787.5,31.1,17500,13990.6257,0.27
95,95,57,4.573367842,408000,555262.5,31.1,17500,13990.6257,0.49
105,105,72,20.02318878,421000,624450,35.7,14000,8485.22905,0.03
105,105,67,12.19958243,394000,703450,35.3,14000,8331.027933,0.03
105,105,62,5.154232901,377000,700400,35.3,14000,8331.027933,0.16
105,105,57,-1.208208779,377000,600300,35.3,14000,8331.027933,0.42
105,105,72,20.02318878,425000,685131.25,35.7,15750,11035.79888,0.03
105,105,67,12.19958243,399000,767800,35.3,15750,10869.09497,0.04
105,105,62,5.154232901,387000,716175,35.2,15750,10869.09497,0.24
105,105,57,-1.208208779,386000,615556.25,35.2,15750,10869.09497,0.47
105,105,72,20.02318878,428000,741000,35.8,17500,13990.6257,0.04
105,105,67,12.19958243,403000,825375,35.3,17500,13990.6257,0.06
105,105,62,5.154232901,395000,731875,35.3,17500,13813.50279,0.3
105,105,57,-1.208208779,395000,630812.5,35.3,17500,13813.50279,0.51
115,115,72,11.54235461,393000,770220,39.4,14000,8331.027933,0.02
115,115,67,5.691546355,371000,843830,39.4,14000,8331.027933,0.03
115,115,62,0.422749936,358000,783810,39.7,14000,8331.027933,0.21
115,115,57,-4.335340464,358000,654450,39.7,14000,8331.027933,0.45
115,115,72,11.54235461,396000,844183.75,39.5,15750,10869.09497,0.03
115,115,67,5.691546355,375000,918056.25,39.4,15750,10869.09497,0.05
115,115,62,0.422749936,367000,803590,39.5,15750,10869.09497,0.28
115,115,57,-4.335340464,367000,676251.25,39.5,15750,10869.09497,0.49
115,115,72,11.54235461,399000,916800,39.5,17500,13813.50279,0.04
115,115,67,5.691546355,378000,988587.5,39.3,17500,13813.50279,0.07
115,115,62,0.422749936,374000,818675,39.4,17500,13813.50279,0.34
115,115,57,-4.335340464,374000,683925,39.4,17500,13813.50279,0.54
75,75,75,100,517000,178400,25.9,8000,3136.117318,0
75,75,72,86.8608738,495000,207400,25.5,8000,2973.581006,0
75,75,67,66.74944445,459000,249392,25,8000,2973.581006,0.06
75,75,62,48.63860876,423000,297728,24.7,8000,2973.581006,0.04
75,75,57,32.28326182,388000,337560,24.3,8000,2811.044693,0.05
75,75,75,100,542000,181500,26.3,10000,4776.067039,0
75,75,72,86.8608738,518000,203900,25.9,10000,4776.067039,0.1
75,75,67,66.74944445,482000,269740,25.4,10000,4592.692737,0.06
75,75,62,48.63860876,445000,328200,25,10000,4592.692737,0.05
75,75,57,32.28326182,415000,360550,24.5,10000,4592.692737,0.13
75,75,75,100,558000,172380,26.6,12000,6957.804469,0.15
75,75,72,86.8608738,533000,214584,26.2,12000,6957.804469,0.08
75,75,67,66.74944445,498000,289088,25.6,12000,6753.592179,0.06
75,75,62,48.63860876,461000,356088,25.2,12000,6753.592179,0.06
75,75,57,32.28326182,439000,386680,24.8,12000,6753.592179,0.2
75,75,75,100,570000,171030,26.8,14000,9741.759777,0.11
75,75,72,86.8608738,546000,222348,26.4,14000,9741.759777,0.08
75,75,67,66.74944445,509000,305392,25.8,14000,9741.759777,0.07
75,75,62,48.63860876,473000,376348,25.3,14000,9520.877095,0.08
75,75,57,32.28326182,460000,405890,25.1,14000,9520.877095,0.29
85,85,75,63.56878019,503000,226600,29.2,8000,3136.117318,0
85,85,72,54.09934936,481000,267960,28.8,8000,2973.581006,0.13
85,85,67,39.60494643,446000,312608,28.5,8000,2973.581006,0.06
85,85,62,26.55238089,410000,356104,28,8000,2973.581006,0.03
85,85,57,14.76500445,376000,397440,27.7,8000,2811.044693,0.05
85,85,75,63.56878019,525000,244500,29.6,10000,4776.067039,0
85,85,72,54.09934936,504000,295640,29.3,10000,4776.067039,0.09
85,85,67,39.60494643,467000,350260,28.8,10000,4592.692737,0.06
85,85,62,26.55238089,431000,404800,28.4,10000,4592.692737,0.05
85,85,57,14.76500445,405000,442800,27.9,10000,4592.692737,0.16
85,85,75,63.56878019,541000,278940,29.9,12000,6957.804469,0.13
85,85,72,54.09934936,519000,320416,29.5,12000,6957.804469,0.08
85,85,67,39.60494643,483000,386912,29,12000,6753.592179,0.06
85,85,62,26.55238089,447000,451912,28.6,12000,6753.592179,0.06
85,85,57,14.76500445,427000,477340,28.3,12000,6753.592179,0.23
85,85,75,63.56878019,552000,301740,30.1,14000,9741.759777,0.1
85,85,72,54.09934936,531000,346652,29.7,14000,9741.759777,0.08
85,85,67,39.60494643,494000,424608,29.2,14000,9520.877095,0.07
85,85,62,26.55238089,458000,498652,28.7,14000,9520.877095,0.08
85,85,57,14.76500445,448000,500570,28.5,14000,9520.877095,0.31
95,95,75,40.20910644,489000,325000,33,8000,2973.581006,0
95,95,72,33.29467909,467000,342800,32.6,8000,2973.581006,0.1
95,95,67,22.71109727,431000,397400,32.3,8000,2973.581006,0.05
95,95,62,13.1803221,395000,443720,32,8000,2811.044693,0.04
95,95,57,4.573367842,363000,480080,31.7,8000,2811.044693,0.06
95,95,75,40.20910644,510000,353500,33.4,10000,4776.067039,0.1
95,95,72,33.29467909,488000,393800,33.1,10000,4592.692737,0.08
95,95,67,22.71109727,452000,457750,32.6,10000,4592.692737,0.05
95,95,62,13.1803221,416000,512750,32.3,10000,4592.692737,0.05
95,95,57,4.573367842,390000,530250,31.8,10000,4409.318436,0.15
95,95,75,40.20910644,525000,393220,33.7,12000,6957.804469,0.11
95,95,72,33.29467909,503000,442160,33.4,12000,6957.804469,0.08
95,95,67,22.71109727,466000,514120,32.9,12000,6753.592179,0.06
95,95,62,13.1803221,429000,578120,32.5,12000,6753.592179,0.06
95,95,57,4.573367842,414000,562500,32.1,12000,6753.592179,0.25
95,95,75,40.20910644,536000,435900,33.9,14000,9741.759777,0.1
95,95,72,33.29467909,514000,488520,33.5,14000,9741.759777,0.08
95,95,67,22.71109727,477000,569830,33,14000,9520.877095,0.07
95,95,62,13.1803221,442000,635210,32.6,14000,9520.877095,0.09
95,95,57,4.573367842,434000,588770,32.4,14000,9520.877095,0.33
105,105,75,25.13447896,473000,407000,37.2,8000,2973.581006,0
105,105,72,20.02318878,451000,420400,36.8,8000,2973.581006,0.08
105,105,67,12.19958243,414000,473000,36.8,8000,2973.581006,0.05
105,105,62,5.154232901,381000,524400,36.2,8000,2811.044693,0.03
105,105,57,-1.208208779,350000,550600,36.5,8000,2648.50838,0.07
105,105,75,25.13447896,492000,433750,37.6,10000,4592.692737,0.15
105,105,72,20.02318878,470000,489000,37.4,10000,4592.692737,0.08
105,105,67,12.19958243,434000,554250,37,10000,4592.692737,0.05
105,105,62,5.154232901,399000,609250,37,10000,4409.318436,0.05
105,105,57,-1.208208779,378000,603500,36.6,10000,4409.318436,0.18
105,105,75,25.13447896,506000,508000,37.9,12000,6957.804469,0.1
105,105,72,20.02318878,484000,559900,37.6,12000,6753.592179,0.07
105,105,67,12.19958243,447000,631200,37.2,12000,6753.592179,0.06
105,105,62,5.154232901,412000,690900,37.1,12000,6753.592179,0.07
105,105,57,-1.208208779,401000,641900,36.7,12000,6753.592179,0.27
105,105,75,25.13447896,516000,571350,38.1,14000,9741.759777,0.09
105,105,72,20.02318878,493000,623200,37.8,14000,9520.877095,0.08
105,105,67,12.19958243,457000,705050,37.4,14000,9520.877095,0.07
105,105,62,5.154232901,423000,760500,37,14000,9520.877095,0.1
105,105,57,-1.208208779,419000,669250,36.8,14000,9520.877095,0.35
115,115,75,15.36478347,453000,488000,42,8000,2973.581006,0
115,115,72,11.54235461,432000,497440,41.4,8000,2973.581006,0.07
115,115,67,5.691546355,397000,549600,42.2,8000,2811.044693,0.05
115,115,62,0.422749936,364000,600760,42.1,8000,2811.044693,0.03
115,115,57,-4.335340464,337000,606120,41.8,8000,2648.50838,0.11
115,115,75,15.36478347,471000,531800,42.5,10000,4592.692737,0.12
115,115,72,11.54235461,450000,586050,42.4,10000,4592.692737,0.07
115,115,67,5.691546355,415000,651750,42.4,10000,4592.692737,0.05
115,115,62,0.422749936,381000,705750,42.5,10000,4409.318436,0.05
115,115,57,-4.335340464,364000,668150,42.2,10000,4409.318436,0.21
115,115,75,15.36478347,483000,624420,42.6,12000,6753.592179,0.09
115,115,72,11.54235461,462000,674660,42.6,12000,6753.592179,0.07
115,115,67,5.691546355,427000,747280,42.5,12000,6753.592179,0.06
115,115,62,0.422749936,394000,804660,42.5,12000,6549.379888,0.07
115,115,57,-4.335340464,386000,709400,42.2,12000,6549.379888,0.3
115,115,75,15.36478347,492000,709880,42.8,14000,9520.877095,0.08
115,115,72,11.54235461,472000,763270,42.8,14000,9520.877095,0.07
115,115,67,5.691546355,436000,845660,42.7,14000,9520.877095,0.06
115,115,62,0.422749936,405000,881710,42.3,14000,9520.877095,0.11
115,115,57,-4.335340464,403000,742570,42.2,14000,9520.877095,0.37
120,120,75,11.85222667,442000,529000,44.6,8000,2973.581006,0
120,120,72,8.532960137,422000,534360,44.8,8000,2973.581006,0.07
120,120,67,3.4523183,389000,596440,44.1,8000,2811.044693,0.03
120,120,62,-1.12292436,354000,634920,45.8,8000,2811.044693,0.04
120,120,57,-5.254687375,330000,636760,45.1,8000,2648.50838,0.12
120,120,75,11.85222667,460000,580600,45.2,10000,4592.692737,0.11
120,120,72,8.532960137,440000,634200,45.3,10000,4592.692737,0.07
120,120,67,3.4523183,405000,699000,45.3,10000,4592.692737,0.05
120,120,62,-1.12292436,372000,758400,45.2,10000,4409.318436,0.04
120,120,57,-5.254687375,356000,694800,45.2,10000,4409.318436,0.23
120,120,75,11.85222667,473000,680480,45.5,12000,6753.592179,0.09
120,120,72,8.532960137,451000,732040,45.4,12000,6753.592179,0.07
120,120,67,3.4523183,417000,805320,45.4,12000,6753.592179,0.06
120,120,62,-1.12292436,384000,860040,45.4,12000,6549.379888,0.07
120,120,57,-5.254687375,378000,737040,45.2,12000,6549.379888,0.32
120,120,75,11.85222667,481000,777720,45.6,14000,9520.877095,0.08
120,120,72,8.532960137,460000,830880,45.6,14000,9520.877095,0.07
120,120,67,3.4523183,425000,914040,45.6,14000,9520.877095,0.06
120,120,62,-1.12292436,395000,937080,45.2,14000,9299.994413,0.12
120,120,57,-5.254687375,395000,770760,45.2,14000,9299.994413,0.39
75,75,75,100,579000,170440,26.9,16000,13192.53073,0.1
75,75,72,86.8608738,555000,227776,26.5,16000,13192.53073,0.09
75,75,67,66.74944445,519000,322448,25.9,16000,13192.53073,0.07
75,75,62,48.63860876,483000,392320,25.4,16000,12954.97765,0.11
75,75,57,32.28326182,477000,420440,25.3,16000,12954.97765,0.35
75,75,75,100,587000,171610,27.1,18000,17360.12849,0.11
75,75,72,86.8608738,563000,234248,26.6,18000,17360.12849,0.09
75,75,67,66.74944445,526000,335876,26.1,18000,17360.12849,0.08
75,75,62,48.63860876,491000,407570,25.5,18000,17105.90503,0.15
75,75,57,32.28326182,491000,433310,25.5,18000,17105.90503,0.41
75,75,75,100,593000,171900,27.2,20000,22313.31844,0.11
75,75,72,86.8608738,569000,236800,26.7,20000,22313.31844,0.1
75,75,67,66.74944445,532000,347720,26.1,20000,22313.31844,0.09
75,75,62,48.63860876,504000,415100,25.7,20000,22313.31844,0.23
75,75,57,32.28326182,503000,443300,25.7,20000,22313.31844,0.45
85,85,75,63.56878019,560000,321560,30.2,16000,13192.53073,0.1
85,85,72,54.09934936,539000,374224,29.9,16000,13192.53073,0.09
85,85,67,39.60494643,503000,459552,29.3,16000,13192.53073,0.07
85,85,62,26.55238089,468000,537800,28.8,16000,12954.97765,0.12
85,85,57,14.76500445,464000,518800,28.7,16000,12954.97765,0.37
85,85,75,63.56878019,568000,340390,30.4,18000,17360.12849,0.11
85,85,72,54.09934936,546000,399752,30,18000,17360.12849,0.09
85,85,67,39.60494643,510000,497752,29.4,18000,17360.12849,0.09
85,85,62,26.55238089,479000,556460,28.9,18000,17105.90503,0.18
85,85,57,14.76500445,478000,534700,28.9,18000,17105.90503,0.42
85,85,75,63.56878019,574000,360100,30.5,20000,22313.31844,0.11
85,85,72,54.09934936,552000,425280,30.1,20000,22313.31844,0.09
85,85,67,39.60494643,515000,532280,29.5,20000,22313.31844,0.09
85,85,62,26.55238089,491000,567700,29.1,20000,22046.59218,0.25
85,85,57,14.76500445,489000,546500,29.1,20000,22046.59218,0.47
95,95,75,40.20910644,543000,478240,34,16000,13192.53073,0.09
95,95,72,33.29467909,522000,534880,33.7,16000,13192.53073,0.08
95,95,67,22.71109727,485000,622880,33.2,16000,12954.97765,0.08
95,95,62,13.1803221,451000,678680,32.6,16000,12954.97765,0.13
95,95,57,4.573367842,450000,611040,32.6,16000,12954.97765,0.39
95,95,75,40.20910644,551000,515300,34.1,18000,17360.12849,0.1
95,95,72,33.29467909,528000,578270,33.8,18000,17360.12849,0.09
95,95,67,22.71109727,492000,678240,33.3,18000,17105.90503,0.08
95,95,62,13.1803221,465000,689660,32.8,18000,17105.90503,0.22
95,95,57,4.573367842,463000,629320,32.8,18000,17105.90503,0.44
95,95,75,40.20910644,556000,551700,34.2,20000,22313.31844,0.11
95,95,72,33.29467909,534000,624300,33.9,20000,22313.31844,0.09
95,95,67,22.71109727,497000,727300,33.4,20000,22046.59218,0.09
95,95,62,13.1803221,477000,699300,32.9,20000,22046.59218,0.29
95,95,57,4.573367842,475000,646600,32.9,20000,22046.59218,0.48
105,105,75,25.13447896,523000,632400,38.2,16000,13192.53073,0.09
105,105,72,20.02318878,501000,689800,38,16000,13192.53073,0.08
105,105,67,12.19958243,464000,782200,37.5,16000,12954.97765,0.07
105,105,62,5.154232901,435000,801600,36.9,16000,12954.97765,0.16
105,105,57,-1.208208779,434000,693600,37,16000,12954.97765,0.41
105,105,75,25.13447896,529000,686500,38.4,18000,17360.12849,0.1
105,105,72,20.02318878,507000,751450,38.1,18000,17360.12849,0.09
105,105,67,12.19958243,471000,852400,37.6,18000,17105.90503,0.08
105,105,62,5.154232901,450000,811250,37,18000,17105.90503,0.25
105,105,57,-1.208208779,447000,714300,37.1,18000,17105.90503,0.46
105,105,75,25.13447896,534000,746000,38.5,20000,22313.31844,0.1
105,105,72,20.02318878,512000,817500,38.2,20000,22313.31844,0.09
105,105,67,12.19958243,475000,915000,37.7,20000,22046.59218,0.1
105,105,62,5.154232901,459000,839000,37.2,20000,22046.59218,0.3
105,105,57,-1.208208779,458000,733000,37.3,20000,22046.59218,0.5
115,115,75,15.36478347,500000,784560,43.1,16000,12954.97765,0.09
115,115,72,11.54235461,479000,844720,42.9,16000,12954.97765,0.08
115,115,67,5.691546355,443000,937880,42.7,16000,12954.97765,0.07
115,115,62,0.422749936,420000,898640,42,16000,12954.97765,0.21
115,115,57,-4.335340464,417000,768120,42.2,16000,12954.97765,0.43
115,115,75,15.36478347,505000,857700,43.2,18000,17360.12849,0.1
115,115,72,11.54235461,484000,924630,43,18000,17105.90503,0.09
115,115,67,5.691546355,449000,1019630,42.8,18000,17105.90503,0.09
115,115,62,0.422749936,434000,912170,42.3,18000,17105.90503,0.31
115,115,57,-4.335340464,429000,789360,42.3,18000,17105.90503,0.48
115,115,75,15.36478347,510000,937000,43.3,20000,22313.31844,0.1
115,115,72,11.54235461,489000,1009700,43.1,20000,22046.59218,0.09
115,115,67,5.691546355,453000,1104000,42.8,20000,22046.59218,0.1
115,115,62,0.422749936,440000,963600,42.4,20000,22046.59218,0.32
115,115,57,-4.335340464,439000,808600,42.4,20000,22046.59218,0.52
120,120,75,11.85222667,488000,860640,45.9,16000,12954.97765,0.09
120,120,72,8.532960137,467000,921680,45.7,16000,12954.97765,0.08
120,120,67,3.4523183,432000,1015720,45.5,16000,12954.97765,0.07
120,120,62,-1.12292436,412000,946080,44.4,16000,12954.97765,0.23
120,120,57,-5.254687375,408000,795200,45.2,16000,12954.97765,0.45
120,120,75,11.85222667,493000,942800,46,18000,17105.90503,0.1
120,120,72,8.532960137,473000,1010720,45.8,18000,17105.90503,0.09
120,120,67,3.4523183,437000,1104720,45.7,18000,17105.90503,0.09
120,120,62,-1.12292436,425000,955640,45.2,18000,17105.90503,0.33
120,120,57,-5.254687375,420000,823920,45.2,18000,17105.90503,0.49
120,120,75,11.85222667,497000,1032000,46.1,20000,22046.59218,0.1
120,120,72,8.532960137,477000,1106800,45.9,20000,22046.59218,0.09
120,120,67,3.4523183,442000,1198000,45.6,20000,22046.59218,0.1
120,120,62,-1.12292436,430000,1019600,45.2,20000,22046.59218,0.33
120,120,57,-5.254687375,430000,843600,45.2,20000,22046.59218,0.53
75,75,75,100,636000,220500,31.3,10000,4865.670391,0
75,75,72,86.8608738,602000,242280,30.7,10000,4865.670391,0.07
75,75,67,66.74944445,545000,296740,29.9,10000,4865.670391,0.06
75,75,62,48.63860876,495000,350660,29.2,10000,4678.128492,0.04
75,75,57,32.28326182,450000,396200,28.5,10000,4678.128492,0.05
75,75,75,100,669000,227875,31.8,12500,7745.480447,0
75,75,72,86.8608738,633000,252625,31.2,12500,7745.480447,0.1
75,75,67,66.74944445,575000,324925,30.3,12500,7745.480447,0.06
75,75,62,48.63860876,525000,390750,29.6,12500,7745.480447,0.05
75,75,57,32.28326182,489000,424750,29,12500,7532.932961,0.16
75,75,75,100,692000,221950,32.2,15000,11563,0.18
75,75,72,86.8608738,658000,266540,31.6,15000,11563,0.09
75,75,67,66.74944445,602000,353110,30.8,15000,11563,0.06
75,75,62,48.63860876,550000,428110,30.1,15000,11563,0.06
75,75,57,32.28326182,523000,460075,29.6,15000,11563,0.23
85,85,75,63.56878019,611000,271500,34.6,10000,4865.670391,0
85,85,72,54.09934936,574000,315250,33.9,10000,4865.670391,0.17
85,85,67,39.60494643,524000,365260,33.3,10000,4865.670391,0.06
85,85,62,26.55238089,476000,411340,32.8,10000,4678.128492,0.04
85,85,57,14.76500445,432000,456260,32.2,10000,4678.128492,0.06
85,85,75,63.56878019,639000,296125,35,12500,7745.480447,0
85,85,72,54.09934936,605000,352550,34.5,12500,7745.480447,0.09
85,85,67,39.60494643,553000,409250,33.8,12500,7745.480447,0.05
85,85,62,26.55238089,504000,469250,33.2,12500,7745.480447,0.05
85,85,57,14.76500445,471000,506562.5,32.6,12500,7532.932961,0.17
85,85,75,63.56878019,662000,335525,35.4,15000,11563,0.15
85,85,72,54.09934936,628000,381270,34.9,15000,11563,0.08
85,85,67,39.60494643,576000,451890,34.2,15000,11563,0.06
85,85,62,26.55238089,525000,520890,33.6,15000,11563,0.06
85,85,57,14.76500445,503000,542275,33.1,15000,11563,0.25
95,95,75,40.20910644,584000,392000,38.4,10000,4865.670391,0
95,95,72,33.29467909,553000,404550,38,10000,4865.670391,0.13
95,95,67,22.71109727,502000,471750,37.5,10000,4865.670391,0.05
95,95,62,13.1803221,454000,523400,37.4,10000,4678.128492,0.04
95,95,57,4.573367842,411000,561450,36.8,10000,4678.128492,0.07
95,95,75,40.20910644,613000,435750,38.9,12500,7745.480447,0.08
95,95,72,33.29467909,581000,476750,38.5,12500,7745.480447,0.08
95,95,67,22.71109727,530000,549937.5,38.1,12500,7745.480447,0.05
95,95,62,13.1803221,480000,611937.5,37.9,12500,7532.932961,0.05
95,95,57,4.573367842,450000,619125,37.2,12500,7532.932961,0.18
95,95,75,40.20910644,633000,478325,39.3,15000,11563,0.13
95,95,72,33.29467909,601000,538700,38.9,15000,11563,0.08
95,95,67,22.71109727,549000,622650,38.5,15000,11563,0.06
95,95,62,13.1803221,499000,695650,38.1,15000,11333.78212,0.06
95,95,57,4.573367842,482000,660200,37.6,15000,11333.78212,0.28
105,105,75,25.13447896,559000,488000,43,10000,4865.670391,0
105,105,72,20.02318878,527000,495500,42.9,10000,4865.670391,0.1
105,105,67,12.19958243,477000,562250,42.9,10000,4678.128492,0.05
105,105,62,5.154232901,429000,615000,43.5,10000,4678.128492,0.04
105,105,57,-1.208208779,393000,631750,42.4,10000,4492.670391,0.11
105,105,75,25.13447896,585000,508000,43.8,12500,7745.480447,0.2
105,105,72,20.02318878,553000,590250,43.5,12500,7745.480447,0.08
105,105,67,12.19958243,502000,665562.5,43.5,12500,7745.480447,0.05
105,105,62,5.154232901,453000,727562.5,43.8,12500,7532.932961,0.05
105,105,57,-1.208208779,429000,700562.5,43,12500,7532.932961,0.21
105,105,75,25.13447896,603000,612000,44.1,15000,11563,0.12
105,105,72,20.02318878,572000,680625,43.9,15000,11563,0.07
105,105,67,12.19958243,519000,762750,43.9,15000,11563,0.06
105,105,62,5.154232901,471000,830625,43.7,15000,11333.78212,0.07
105,105,57,-1.208208779,459000,747750,43.2,15000,11333.78212,0.3
115,115,75,15.36478347,529000,586000,49,10000,4865.670391,0
115,115,72,11.54235461,498000,584350,49.3,10000,4678.128492,0.09
115,115,67,5.691546355,449000,655600,50,10000,4678.128492,0.04
115,115,62,0.422749936,402000,704600,51.1,10000,4678.128492,0.04
115,115,57,-4.335340464,368000,701950,50.1,10000,4492.670391,0.13
115,115,75,15.36478347,554000,628062.5,49.8,12500,7745.480447,0.15
115,115,72,11.54235461,523000,706562.5,49.9,12500,7745.480447,0.07
115,115,67,5.691546355,472000,781187.5,50.6,12500,7532.932961,0.05
115,115,62,0.422749936,425000,842187.5,51.2,12500,7532.932961,0.05
115,115,57,-4.335340464,406000,771750,50.4,12500,7532.932961,0.24
115,115,75,15.36478347,572000,748975,50.2,15000,11563,0.11
115,115,72,11.54235461,540000,820075,50.3,15000,11563,0.07
115,115,67,5.691546355,489000,908625,51,15000,11333.78212,0.05
115,115,62,0.422749936,442000,959300,50.8,15000,11333.78212,0.08
115,115,57,-4.335340464,435000,821925,50.4,15000,11333.78212,0.33
120,120,75,11.85222667,514000,634000,52.5,10000,4865.670391,0
120,120,72,8.532960137,484000,631800,53,10000,4678.128492,0.08
120,120,67,3.4523183,435000,700400,54.3,10000,4678.128492,0.04
120,120,62,-1.12292436,386000,748400,55.3,10000,4492.670391,0.04
120,120,57,-5.254687375,357000,731000,54.6,10000,4492.670391,0.15
120,120,75,11.85222667,538000,690500,53.3,12500,7745.480447,0.13
120,120,72,8.532960137,507000,763500,53.7,12500,7745.480447,0.07
120,120,67,3.4523183,457000,838500,54.7,12500,7532.932961,0.05
120,120,62,-1.12292436,409000,898500,55.5,12500,7532.932961,0.05
120,120,57,-5.254687375,393000,800000,54.2,12500,7322.469274,0.26
120,120,75,11.85222667,555000,822000,53.8,15000,11563,0.1
120,120,72,8.532960137,524000,888800,54.1,15000,11563,0.07
120,120,67,3.4523183,472000,978000,55.3,15000,11333.78212,0.05
120,120,62,-1.12292436,427000,1025200,54.7,15000,11333.78212,0.08
120,120,57,-5.254687375,421000,850000,54.1,15000,11333.78212,0.35
75,75,75,100,709000,221962.5,32.4,17500,16528.69274,0.13
75,75,72,86.8608738,674000,280185,31.9,17500,16528.69274,0.08
75,75,67,66.74944445,618000,377295,31,17500,16528.69274,0.06
75,75,62,48.63860876,566000,456185,30.3,17500,16528.69274,0.08
75,75,57,32.28326182,550000,484287.5,30,17500,16528.69274,0.31
75,75,75,100,740000,230000,32.6,20000,22669.64804,0.12
75,75,72,86.8608738,685000,290640,32.1,20000,22669.64804,0.08
75,75,67,66.74944445,629000,396560,31.2,20000,22669.64804,0.07
75,75,62,48.63860876,577000,474000,30.4,20000,22669.64804,0.12
75,75,57,32.28326182,573000,504500,30.3,20000,22669.64804,0.37
85,85,75,63.56878019,678000,360000,35.7,17500,16528.69274,0.12
85,85,72,54.09934936,645000,408815,35.3,17500,16528.69274,0.08
85,85,67,39.60494643,591000,488705,34.4,17500,16528.69274,0.06
85,85,62,26.55238089,540000,571370,33.7,17500,16528.69274,0.09
85,85,57,14.76500445,529000,562787.5,33.5,17500,16528.69274,0.33
85,85,75,63.56878019,691000,381100,35.9,20000,22669.64804,0.11
85,85,72,54.09934936,656000,433360,35.4,20000,22669.64804,0.08
85,85,67,39.60494643,600000,524440,34.6,20000,22669.64804,0.07
85,85,62,26.55238089,552000,596700,33.8,20000,22669.64804,0.15
85,85,57,14.76500445,550000,576300,33.8,20000,22669.64804,0.39
95,95,75,40.20910644,648000,534987.5,39.6,17500,16528.69274,0.11
95,95,72,33.29467909,616000,599650,39.2,17500,16528.69274,0.08
95,95,67,22.71109727,563000,696425,38.8,17500,16528.69274,0.06
95,95,62,13.1803221,512000,760875,37.9,17500,16528.69274,0.1
95,95,57,4.573367842,506000,693687.5,37.9,17500,16528.69274,0.35
95,95,75,40.20910644,658000,589000,39.8,20000,22669.64804,0.1
95,95,72,33.29467909,625000,658600,39.3,20000,22669.64804,0.08
95,95,67,22.71109727,572000,763900,38.9,20000,22669.64804,0.07
95,95,62,13.1803221,530000,792600,38,20000,22669.64804,0.18
95,95,57,4.573367842,527000,721700,38.1,20000,22669.64804,0.41
105,105,75,25.13447896,617000,697125,44.4,17500,16528.69274,0.1
105,105,72,20.02318878,585000,767562.5,44.2,17500,16528.69274,0.07
105,105,67,12.19958243,532000,861375,44.3,17500,16528.69274,0.06
105,105,62,5.154232901,487000,904500,43.2,17500,16278.63687,0.12
105,105,57,-1.208208779,483000,786187.5,43.4,17500,16278.63687,0.37
105,105,75,25.13447896,628000,774000,44.6,20000,22669.64804,0.1
105,105,72,20.02318878,595000,847000,44.4,20000,22669.64804,0.08
105,105,67,12.19958243,542000,953500,44.5,20000,22669.64804,0.07
105,105,62,5.154232901,506000,939000,43.3,20000,22669.64804,0.2
105,105,57,-1.208208779,503000,816500,43.5,20000,22669.64804,0.43
115,115,75,15.36478347,584000,856375,50.6,17500,16528.69274,0.1
115,115,72,11.54235461,553000,931587.5,50.7,17500,16528.69274,0.07
115,115,67,5.691546355,500000,1027325,51.4,17500,16278.63687,0.06
115,115,62,0.422749936,463000,1010212.5,50.1,17500,16278.63687,0.17
115,115,57,-4.335340464,458000,862250,50.4,17500,16278.63687,0.4
115,115,75,15.36478347,594000,965700,50.8,20000,22669.64804,0.09
115,115,72,11.54235461,562000,1043100,50.9,20000,22669.64804,0.07
115,115,67,5.691546355,508000,1141100,51.7,20000,22669.64804,0.07
115,115,62,0.422749936,476000,1076600,50.4,20000,22398.75419,0.22
115,115,57,-4.335340464,474000,889800,50.2,20000,22398.75419,0.46
120,120,75,11.85222667,567000,943700,54.1,17500,16528.69274,0.09
120,120,72,8.532960137,535000,1013100,54.4,17500,16528.69274,0.07
120,120,67,3.4523183,482000,1108800,55.3,17500,16278.63687,0.06
120,120,62,-1.12292436,447000,1071400,53.6,17500,16278.63687,0.18
120,120,57,-5.254687375,444000,898300,54.3,17500,16278.63687,0.41
120,120,75,11.85222667,577000,1057800,54.3,20000,22669.64804,0.09
120,120,72,8.532960137,545000,1137400,54.7,20000,22669.64804,0.07
120,120,67,3.4523183,492000,1235400,56,20000,22398.75419,0.07
120,120,62,-1.12292436,465000,1119000,53.8,20000,22398.75419,0.25
120,120,57,-5.254687375,462000,928400,54.2,20000,22398.75419,0.47
75,75,75,100,738000,251600,40,12000,4953.189944,0
75,75,72,86.8608738,705000,292600,39.2,12000,4953.189944,0
75,75,67,66.74944445,653000,347080,38.1,12000,4953.189944,0.1
75,75,62,48.63860876,603000,418584,37.1,12000,4953.189944,0.08
75,75,57,32.28326182,554000,477584,36.3,12000,4953.189944,0.08
75,75,75,100,773000,253250,40.7,15000,7428.743017,0
75,75,72,86.8608738,736000,291475,39.9,15000,7428.743017,0.15
75,75,67,66.74944445,684000,373350,38.7,15000,7428.743017,0.1
75,75,62,48.63860876,633000,458540,37.7,15000,7428.743017,0.09
75,75,57,32.28326182,592000,511775,36.9,15000,7428.743017,0.19
75,75,75,100,796000,248490,41.2,18000,10712.81006,0.23
75,75,72,86.8608738,759000,300590,40.4,18000,10712.81006,0.13
75,75,67,66.74944445,706000,398610,39.2,18000,10712.81006,0.11
75,75,62,48.63860876,655000,493620,38.2,18000,10712.81006,0.1
75,75,57,32.28326182,622000,548470,37.5,18000,10712.81006,0.25
85,85,75,63.56878019,716000,325400,44.4,12000,4953.189944,0
85,85,72,54.09934936,686000,384600,43.7,12000,4953.189944,0.12
85,85,67,39.60494643,635000,456920,42.7,12000,4953.189944,0.1
85,85,62,26.55238089,585000,518664,41.7,12000,4953.189944,0.07
85,85,57,14.76500445,537000,579168,40.9,12000,4953.189944,0.09
85,85,75,63.56878019,748000,349750,45.1,15000,7428.743017,0
85,85,72,54.09934936,715000,423350,44.4,15000,7428.743017,0.14
85,85,67,39.60494643,664000,512650,43.3,15000,7428.743017,0.1
85,85,62,26.55238089,615000,592460,42.3,15000,7428.743017,0.09
85,85,57,14.76500445,579000,625750,41.5,15000,7428.743017,0.22
85,85,75,63.56878019,768000,393480,45.6,18000,10712.81006,0.2
85,85,72,54.09934936,737000,464400,44.9,18000,10712.81006,0.12
85,85,67,39.60494643,685000,565390,43.7,18000,10712.81006,0.11
85,85,62,26.55238089,635000,660380,42.7,18000,10712.81006,0.1
85,85,57,14.76500445,607000,678550,42.1,18000,10712.81006,0.27
95,95,75,40.20910644,695000,474000,49.5,12000,4953.189944,0
95,95,72,33.29467909,666000,480380,48.8,12000,4953.189944,0.19
95,95,67,22.71109727,615000,569180,47.8,12000,4953.189944,0.09
95,95,62,13.1803221,566000,640140,46.9,12000,4953.189944,0.07
95,95,57,4.573367842,519000,688200,46.1,12000,4953.189944,0.1
95,95,75,40.20910644,725000,539500,50.2,15000,7428.743017,0
95,95,72,33.29467909,694000,561325,49.5,15000,7428.743017,0.13
95,95,67,22.71109727,643000,655225,48.4,15000,7428.743017,0.09
95,95,62,13.1803221,593000,736225,47.5,15000,7428.743017,0.09
95,95,57,4.573367842,557000,755000,46.8,15000,7428.743017,0.2
95,95,75,40.20910644,745000,551540,50.7,18000,10712.81006,0.18
95,95,72,33.29467909,713000,631360,50,18000,10712.81006,0.12
95,95,67,22.71109727,662000,736300,48.8,18000,10712.81006,0.1
95,95,62,13.1803221,613000,828300,47.9,18000,10712.81006,0.1
95,95,57,4.573367842,590000,800870,47.4,18000,10712.81006,0.29
105,105,75,25.13447896,673000,594000,55.3,12000,4953.189944,0
105,105,72,20.02318878,643000,591500,54.6,12000,4953.189944,0.15
105,105,67,12.19958243,593000,680300,53.7,12000,4953.189944,0.09
105,105,62,5.154232901,545000,752900,52.8,12000,4953.189944,0.07
105,105,57,-1.208208779,502000,780100,51.8,12000,4953.189944,0.13
105,105,75,25.13447896,699000,596500,55.9,15000,7428.743017,0.24
105,105,72,20.02318878,669000,700000,55.3,15000,7428.743017,0.12
105,105,67,12.19958243,619000,795375,54.2,15000,7428.743017,0.09
105,105,62,5.154232901,570000,879500,53.3,15000,7428.743017,0.08
105,105,57,-1.208208779,539000,860750,52.6,15000,7428.743017,0.22
105,105,75,25.13447896,718000,715800,56.4,18000,10712.81006,0.16
105,105,72,20.02318878,687000,796600,55.7,18000,10712.81006,0.12
105,105,67,12.19958243,638000,905500,54.7,18000,10712.81006,0.1
105,105,62,5.154232901,587000,989550,53.7,18000,10712.81006,0.11
105,105,57,-1.208208779,570000,911550,53.3,18000,10712.81006,0.31
115,115,75,15.36478347,647000,717000,61.7,12000,4953.189944,0
115,115,72,11.54235461,617000,702940,61.1,12000,4953.189944,0.13
115,115,67,5.691546355,567000,794040,60.3,12000,4953.189944,0.08
115,115,62,0.422749936,521000,863660,60,12000,4953.189944,0.07
115,115,57,-4.335340464,484000,857460,59.2,12000,4657.290503,0.17
115,115,75,15.36478347,670000,747550,62.3,15000,7428.743017,0.18
115,115,72,11.54235461,641000,840975,61.7,15000,7428.743017,0.11
115,115,67,5.691546355,592000,935525,60.9,15000,7428.743017,0.09
115,115,62,0.422749936,544000,1019300,60.4,15000,7428.743017,0.08
115,115,57,-4.335340464,519000,952125,59.9,15000,7428.743017,0.25
115,115,75,15.36478347,687000,885980,62.8,18000,10712.81006,0.14
115,115,72,11.54235461,657000,966770,62.2,18000,10712.81006,0.11
115,115,67,5.691546355,609000,1071700,61.3,18000,10712.81006,0.1
115,115,62,0.422749936,561000,1152770,60.6,18000,10712.81006,0.11
115,115,57,-4.335340464,549000,1006380,60.2,18000,10712.81006,0.34
120,120,75,11.85222667,632000,779000,65.2,12000,4953.189944,0
120,120,72,8.532960137,603000,760640,64.8,12000,4953.189944,0.12
120,120,67,3.4523183,554000,849760,64.3,12000,4953.189944,0.08
120,120,62,-1.12292436,508000,919040,64.1,12000,4953.189944,0.07
120,120,57,-5.254687375,471000,899240,63.3,12000,4657.290503,0.17
120,120,75,11.85222667,654000,816800,65.8,15000,7428.743017,0.17
120,120,72,8.532960137,626000,916000,65.5,15000,7428.743017,0.1
120,120,67,3.4523183,578000,1004600,64.9,15000,7428.743017,0.09
120,120,62,-1.12292436,531000,1082600,64.5,15000,7428.743017,0.09
120,120,57,-5.254687375,509000,990800,64,15000,7428.743017,0.27
120,120,75,11.85222667,670000,974040,66.4,18000,10712.81006,0.13
120,120,72,8.532960137,641000,1049880,65.8,18000,10712.81006,0.11
120,120,67,3.4523183,594000,1155800,65.2,18000,10712.81006,0.1
120,120,62,-1.12292436,547000,1224960,64.7,18000,10712.81006,0.12
120,120,57,-5.254687375,538000,1052800,64.4,18000,10712.81006,0.35
75,75,75,100,813000,246130,41.6,21000,14922.0838,0.18
75,75,72,86.8608738,776000,309355,40.7,21000,14922.0838,0.13
75,75,67,66.74944445,722000,421045,39.5,21000,14922.0838,0.11
75,75,62,48.63860876,671000,526200,38.5,21000,14922.0838,0.12
75,75,57,32.28326182,651000,574455,38.1,21000,14922.0838,0.33
75,75,75,100,826000,245080,41.9,24000,20125.32961,0.16
75,75,72,86.8608738,789000,319440,41,24000,20125.32961,0.14
75,75,67,66.74944445,735000,444800,39.8,24000,20125.32961,0.12
75,75,62,48.63860876,683000,555080,38.7,24000,20125.32961,0.16
75,75,57,32.28326182,674000,594440,38.5,24000,20125.32961,0.39
75,75,75,100,837000,245340,42.2,27000,26420.48603,0.16
75,75,72,86.8608738,800000,327370,41.3,27000,26420.48603,0.14
75,75,67,66.74944445,745000,465885,40.1,27000,26420.48603,0.13
75,75,62,48.63860876,695000,572765,39,27000,26420.48603,0.21
75,75,57,32.28326182,693000,610920,38.9,27000,26420.48603,0.44
85,85,75,63.56878019,784000,427180,46,21000,14922.0838,0.16
85,85,72,54.09934936,752000,500645,45.2,21000,14922.0838,0.13
85,85,67,39.60494643,700000,616955,44.1,21000,14922.0838,0.11
85,85,62,26.55238089,650000,716645,43,21000,14922.0838,0.13
85,85,57,14.76500445,634000,708235,42.7,21000,14922.0838,0.35
85,85,75,63.56878019,796000,457240,46.3,24000,20125.32961,0.15
85,85,72,54.09934936,764000,535560,45.5,24000,20125.32961,0.14
85,85,67,39.60494643,713000,667200,44.3,24000,20125.32961,0.12
85,85,62,26.55238089,662000,755280,43.2,24000,20125.32961,0.18
85,85,57,14.76500445,656000,732920,43.1,24000,20125.32961,0.41
85,85,75,63.56878019,806000,486145,46.5,27000,26420.48603,0.15
85,85,72,54.09934936,774000,572630,45.8,27000,26420.48603,0.14
85,85,67,39.60494643,723000,715115,44.6,27000,26420.48603,0.13
85,85,62,26.55238089,678000,775295,43.6,27000,26420.48603,0.25
85,85,57,14.76500445,675000,754110,43.5,27000,26420.48603,0.46
95,95,75,40.20910644,759000,617525,51.1,21000,14922.0838,0.15
95,95,72,33.29467909,728000,694455,50.4,21000,14922.0838,0.13
95,95,67,22.71109727,678000,815385,49.2,21000,14922.0838,0.11
95,95,62,13.1803221,627000,901990,48.2,21000,14922.0838,0.14
95,95,57,4.573367842,616000,837760,47.9,21000,14922.0838,0.36
95,95,75,40.20910644,770000,674600,51.4,24000,20125.32961,0.15
95,95,72,33.29467909,739000,759520,50.6,24000,20125.32961,0.13
95,95,67,22.71109727,689000,891480,49.5,24000,20125.32961,0.12
95,95,62,13.1803221,640000,946800,48.4,24000,20125.32961,0.2
95,95,57,4.573367842,638000,867680,48.3,24000,20125.32961,0.42
95,95,75,40.20910644,780000,731675,51.6,27000,26420.48603,0.15
95,95,72,33.29467909,748000,820130,50.9,27000,26420.48603,0.14
95,95,67,22.71109727,698000,964585,49.7,27000,26420.48603,0.13
95,95,62,13.1803221,659000,969215,48.8,27000,26420.48603,0.27
95,95,57,4.573367842,656000,892115,48.7,27000,26420.48603,0.47
105,105,75,25.13447896,731000,811650,56.8,21000,14922.0838,0.14
105,105,72,20.02318878,701000,892200,56.1,21000,14922.0838,0.12
105,105,67,12.19958243,651000,1010975,55,21000,14922.0838,0.11
105,105,62,5.154232901,602000,1079875,54,21000,14922.0838,0.15
105,105,57,-1.208208779,596000,948275,53.8,21000,14922.0838,0.39
105,105,75,25.13447896,742000,897600,57.1,24000,20125.32961,0.14
105,105,72,20.02318878,711000,980200,56.4,24000,20125.32961,0.13
105,105,67,12.19958243,662000,1113800,55.3,24000,20125.32961,0.12
105,105,62,5.154232901,620000,1116200,54.2,24000,20125.32961,0.23
105,105,57,-1.208208779,616000,985600,54.2,24000,20125.32961,0.44
105,105,75,25.13447896,750000,982550,57.3,27000,26420.48603,0.14
105,105,72,20.02318878,720000,1066550,56.6,27000,26420.48603,0.14
105,105,67,12.19958243,670000,1211975,55.5,27000,26420.48603,0.13
105,105,62,5.154232901,637000,1141750,54.6,27000,26420.48603,0.3
105,105,57,-1.208208779,634000,1012675,54.6,27000,26420.48603,0.49
115,115,75,15.36478347,699000,1008395,63.2,21000,14922.0838,0.13
115,115,72,11.54235461,670000,1084480,62.5,21000,14922.0838,0.12
115,115,67,5.691546355,622000,1204565,61.5,21000,14922.0838,0.11
115,115,62,0.422749936,576000,1239055,60.6,21000,14922.0838,0.17
115,115,57,-4.335340464,573000,1050015,60.6,21000,14922.0838,0.41
115,115,75,15.36478347,709000,1123880,63.5,24000,20125.32961,0.13
115,115,72,11.54235461,679000,1199880,62.7,24000,20125.32961,0.13
115,115,67,5.691546355,631000,1334120,61.8,24000,20125.32961,0.12
115,115,62,0.422749936,596000,1266760,60.8,24000,20125.32961,0.26
115,115,57,-4.335340464,592000,1081720,60.8,24000,20125.32961,0.47
115,115,75,15.36478347,716000,1227970,63.6,27000,26420.48603,0.14
115,115,72,11.54235461,687000,1311970,62.9,27000,26420.48603,0.14
115,115,67,5.691546355,639000,1459365,62,27000,26420.48603,0.13
115,115,62,0.422749936,612000,1292465,61.1,27000,26420.48603,0.33
115,115,57,-4.335340464,609000,1118355,61.1,27000,26420.48603,0.51
120,120,75,11.85222667,682000,1103880,66.7,21000,14922.0838,0.13
120,120,72,8.532960137,653000,1181120,66.1,21000,14922.0838,0.12
120,120,67,3.4523183,607000,1302360,65.4,21000,14922.0838,0.11
120,120,62,-1.12292436,564000,1303440,64.4,21000,14922.0838,0.19
120,120,57,-5.254687375,561000,1096920,64.6,21000,14922.0838,0.42
120,120,75,11.85222667,691000,1233720,67,24000,20125.32961,0.13
120,120,72,8.532960137,662000,1308720,66.3,24000,20125.32961,0.13
120,120,67,3.4523183,616000,1444280,65.7,24000,20125.32961,0.12
120,120,62,-1.12292436,584000,1330320,64.7,24000,20125.32961,0.28
120,120,57,-5.254687375,580000,1129120,64.8,24000,20125.32961,0.48
120,120,75,11.85222667,698000,1362560,67.1,27000,26420.48603,0.13
120,120,72,8.532960137,670000,1445560,66.5,27000,26420.48603,0.13
120,120,67,3.4523183,623000,1582560,65.8,27000,26420.48603,0.13
120,120,62,-1.12292436,600000,1356200,65,27000,26420.48603,0.35
120,120,57,-5.254687375,595000,1165240,65.4,27000,26420.48603,0.52
